,image,time
0,0.jpg,2022-08-17 02:01:19.790368
1,1.jpg,2022-08-17 02:01:19.817025
2,2.jpg,2022-08-17 02:01:19.847898
3,3.jpg,2022-08-17 02:01:19.883558
4,4.jpg,2022-08-17 02:01:19.915008
5,5.jpg,2022-08-17 02:01:19.948091
6,6.jpg,2022-08-17 02:01:19.985188
7,7.jpg,2022-08-17 02:01:20.015266
8,8.jpg,2022-08-17 02:01:20.048493
9,9.jpg,2022-08-17 02:01:20.081771
10,10.jpg,2022-08-17 02:01:20.115512
11,11.jpg,2022-08-17 02:01:20.149979
12,12.jpg,2022-08-17 02:01:20.182676
13,13.jpg,2022-08-17 02:01:20.221038
14,14.jpg,2022-08-17 02:01:20.251863
15,15.jpg,2022-08-17 02:01:20.286871
16,16.jpg,2022-08-17 02:01:20.320564
17,17.jpg,2022-08-17 02:01:20.347238
18,18.jpg,2022-08-17 02:01:20.380950
19,19.jpg,2022-08-17 02:01:20.414802
20,20.jpg,2022-08-17 02:01:20.452243
21,21.jpg,2022-08-17 02:01:20.483530
22,22.jpg,2022-08-17 02:01:20.514792
23,23.jpg,2022-08-17 02:01:20.547812
24,24.jpg,2022-08-17 02:01:20.581345
25,25.jpg,2022-08-17 02:01:20.615667
26,26.jpg,2022-08-17 02:01:20.649234
27,27.jpg,2022-08-17 02:01:20.680499
28,28.jpg,2022-08-17 02:01:20.713833
29,29.jpg,2022-08-17 02:01:20.747492
30,30.jpg,2022-08-17 02:01:20.781567
31,31.jpg,2022-08-17 02:01:20.818614
32,32.jpg,2022-08-17 02:01:20.847941
33,33.jpg,2022-08-17 02:01:20.881336
34,34.jpg,2022-08-17 02:01:20.914604
35,35.jpg,2022-08-17 02:01:20.948468
36,36.jpg,2022-08-17 02:01:20.982874
37,37.jpg,2022-08-17 02:01:21.014408
38,38.jpg,2022-08-17 02:01:21.051280
39,39.jpg,2022-08-17 02:01:21.084216
40,40.jpg,2022-08-17 02:01:21.118303
41,41.jpg,2022-08-17 02:01:21.153643
42,42.jpg,2022-08-17 02:01:21.186174
43,43.jpg,2022-08-17 02:01:21.219131
44,44.jpg,2022-08-17 02:01:21.250691
45,45.jpg,2022-08-17 02:01:21.285301
46,46.jpg,2022-08-17 02:01:21.320748
47,47.jpg,2022-08-17 02:01:21.356590
48,48.jpg,2022-08-17 02:01:21.385791
49,49.jpg,2022-08-17 02:01:21.421264
50,50.jpg,2022-08-17 02:01:21.448767
51,51.jpg,2022-08-17 02:01:21.484423
52,52.jpg,2022-08-17 02:01:21.516335
53,53.jpg,2022-08-17 02:01:21.547398
54,54.jpg,2022-08-17 02:01:21.580456
55,55.jpg,2022-08-17 02:01:21.615938
56,56.jpg,2022-08-17 02:01:21.649640
57,57.jpg,2022-08-17 02:01:21.680821
58,58.jpg,2022-08-17 02:01:21.716115
59,59.jpg,2022-08-17 02:01:21.747665
60,60.jpg,2022-08-17 02:01:21.782483
61,61.jpg,2022-08-17 02:01:21.817722
62,62.jpg,2022-08-17 02:01:21.847308
63,63.jpg,2022-08-17 02:01:21.880771
64,64.jpg,2022-08-17 02:01:21.913823
65,65.jpg,2022-08-17 02:01:21.955417
66,66.jpg,2022-08-17 02:01:21.984620
67,67.jpg,2022-08-17 02:01:22.020569
68,68.jpg,2022-08-17 02:01:22.049744
69,69.jpg,2022-08-17 02:01:22.080838
70,70.jpg,2022-08-17 02:01:22.114534
71,71.jpg,2022-08-17 02:01:22.152850
72,72.jpg,2022-08-17 02:01:22.184466
73,73.jpg,2022-08-17 02:01:22.217661
74,74.jpg,2022-08-17 02:01:22.247276
75,75.jpg,2022-08-17 02:01:22.281470
76,76.jpg,2022-08-17 02:01:22.315730
77,77.jpg,2022-08-17 02:01:22.347192
78,78.jpg,2022-08-17 02:01:22.383038
79,79.jpg,2022-08-17 02:01:22.416031
80,80.jpg,2022-08-17 02:01:22.447393
81,81.jpg,2022-08-17 02:01:22.481936
82,82.jpg,2022-08-17 02:01:22.514340
83,83.jpg,2022-08-17 02:01:22.548431
84,84.jpg,2022-08-17 02:01:22.582752
85,85.jpg,2022-08-17 02:01:22.616095
86,86.jpg,2022-08-17 02:01:22.650102
87,87.jpg,2022-08-17 02:01:22.682023
88,88.jpg,2022-08-17 02:01:22.715099
89,89.jpg,2022-08-17 02:01:22.747972
90,90.jpg,2022-08-17 02:01:22.780827
91,91.jpg,2022-08-17 02:01:22.816631
92,92.jpg,2022-08-17 02:01:22.847744
93,93.jpg,2022-08-17 02:01:22.881082
94,94.jpg,2022-08-17 02:01:22.914872
95,95.jpg,2022-08-17 02:01:22.955562
96,96.jpg,2022-08-17 02:01:22.988948
97,97.jpg,2022-08-17 02:01:23.019713
98,98.jpg,2022-08-17 02:01:23.051177
99,99.jpg,2022-08-17 02:01:23.085095
100,100.jpg,2022-08-17 02:01:23.118386
101,101.jpg,2022-08-17 02:01:23.156325
102,102.jpg,2022-08-17 02:01:23.186829
103,103.jpg,2022-08-17 02:01:23.227167
104,104.jpg,2022-08-17 02:01:23.248095
105,105.jpg,2022-08-17 02:01:23.282463
106,106.jpg,2022-08-17 02:01:23.316881
107,107.jpg,2022-08-17 02:01:23.349066
108,108.jpg,2022-08-17 02:01:23.380876
109,109.jpg,2022-08-17 02:01:23.414339
110,110.jpg,2022-08-17 02:01:23.447857
111,111.jpg,2022-08-17 02:01:23.482986
112,112.jpg,2022-08-17 02:01:23.514254
113,113.jpg,2022-08-17 02:01:23.548152
114,114.jpg,2022-08-17 02:01:23.582809
115,115.jpg,2022-08-17 02:01:23.616516
116,116.jpg,2022-08-17 02:01:23.650009
117,117.jpg,2022-08-17 02:01:23.680053
118,118.jpg,2022-08-17 02:01:23.714662
119,119.jpg,2022-08-17 02:01:23.748309
120,120.jpg,2022-08-17 02:01:23.781341
121,121.jpg,2022-08-17 02:01:23.817078
122,122.jpg,2022-08-17 02:01:23.847768
123,123.jpg,2022-08-17 02:01:23.880927
124,124.jpg,2022-08-17 02:01:23.914791
125,125.jpg,2022-08-17 02:01:23.948224
126,126.jpg,2022-08-17 02:01:23.983153
127,127.jpg,2022-08-17 02:01:24.014165
128,128.jpg,2022-08-17 02:01:24.046320
129,129.jpg,2022-08-17 02:01:24.079902
130,130.jpg,2022-08-17 02:01:24.113626
131,131.jpg,2022-08-17 02:01:24.148707
132,132.jpg,2022-08-17 02:01:24.179760
133,133.jpg,2022-08-17 02:01:24.213279
134,134.jpg,2022-08-17 02:01:24.246402
135,135.jpg,2022-08-17 02:01:24.280882
136,136.jpg,2022-08-17 02:01:24.317617
137,137.jpg,2022-08-17 02:01:24.348185
138,138.jpg,2022-08-17 02:01:24.382896
139,139.jpg,2022-08-17 02:01:24.414829
140,140.jpg,2022-08-17 02:01:24.447781
141,141.jpg,2022-08-17 02:01:24.483624
142,142.jpg,2022-08-17 02:01:24.514498
143,143.jpg,2022-08-17 02:01:24.547094
144,144.jpg,2022-08-17 02:01:24.580244
145,145.jpg,2022-08-17 02:01:24.615260
146,146.jpg,2022-08-17 02:01:24.653989
147,147.jpg,2022-08-17 02:01:24.684087
148,148.jpg,2022-08-17 02:01:24.718264
149,149.jpg,2022-08-17 02:01:24.752981
150,150.jpg,2022-08-17 02:01:24.785975
151,151.jpg,2022-08-17 02:01:24.821357
152,152.jpg,2022-08-17 02:01:24.850336
153,153.jpg,2022-08-17 02:01:24.884555
154,154.jpg,2022-08-17 02:01:24.918162
155,155.jpg,2022-08-17 02:01:24.951905
156,156.jpg,2022-08-17 02:01:24.985364
157,157.jpg,2022-08-17 02:01:25.017385
158,158.jpg,2022-08-17 02:01:25.049221
159,159.jpg,2022-08-17 02:01:25.080520
160,160.jpg,2022-08-17 02:01:25.113273
161,161.jpg,2022-08-17 02:01:25.148819
162,162.jpg,2022-08-17 02:01:25.180461
163,163.jpg,2022-08-17 02:01:25.213804
164,164.jpg,2022-08-17 02:01:25.246375
165,165.jpg,2022-08-17 02:01:25.282384
166,166.jpg,2022-08-17 02:01:25.315753
167,167.jpg,2022-08-17 02:01:25.346737
168,168.jpg,2022-08-17 02:01:25.379964
169,169.jpg,2022-08-17 02:01:25.413317
170,170.jpg,2022-08-17 02:01:25.456294
171,171.jpg,2022-08-17 02:01:25.483210
172,172.jpg,2022-08-17 02:01:25.517068
173,173.jpg,2022-08-17 02:01:25.548301
174,174.jpg,2022-08-17 02:01:25.581930
175,175.jpg,2022-08-17 02:01:25.616273
176,176.jpg,2022-08-17 02:01:25.649183
177,177.jpg,2022-08-17 02:01:25.681293
178,178.jpg,2022-08-17 02:01:25.714717
179,179.jpg,2022-08-17 02:01:25.747749
180,180.jpg,2022-08-17 02:01:25.780314
181,181.jpg,2022-08-17 02:01:25.816219
182,182.jpg,2022-08-17 02:01:25.847608
183,183.jpg,2022-08-17 02:01:25.880636
184,184.jpg,2022-08-17 02:01:25.914627
185,185.jpg,2022-08-17 02:01:25.947230
186,186.jpg,2022-08-17 02:01:25.981730
187,187.jpg,2022-08-17 02:01:26.013222
188,188.jpg,2022-08-17 02:01:26.047011
189,189.jpg,2022-08-17 02:01:26.080525
190,190.jpg,2022-08-17 02:01:26.114233
191,191.jpg,2022-08-17 02:01:26.150505
192,192.jpg,2022-08-17 02:01:26.180032
193,193.jpg,2022-08-17 02:01:26.214245
194,194.jpg,2022-08-17 02:01:26.247641
195,195.jpg,2022-08-17 02:01:26.280810
196,196.jpg,2022-08-17 02:01:26.315483
197,197.jpg,2022-08-17 02:01:26.345944
198,198.jpg,2022-08-17 02:01:26.379777
199,199.jpg,2022-08-17 02:01:26.413485
200,200.jpg,2022-08-17 02:01:26.446674
201,201.jpg,2022-08-17 02:01:26.485288
202,202.jpg,2022-08-17 02:01:26.516082
203,203.jpg,2022-08-17 02:01:26.548847
204,204.jpg,2022-08-17 02:01:26.583855
205,205.jpg,2022-08-17 02:01:26.619656
206,206.jpg,2022-08-17 02:01:26.652886
207,207.jpg,2022-08-17 02:01:26.680637
208,208.jpg,2022-08-17 02:01:26.713245
209,209.jpg,2022-08-17 02:01:26.747079
210,210.jpg,2022-08-17 02:01:26.780124
211,211.jpg,2022-08-17 02:01:26.817171
212,212.jpg,2022-08-17 02:01:26.846356
213,213.jpg,2022-08-17 02:01:26.879124
214,214.jpg,2022-08-17 02:01:26.914312
215,215.jpg,2022-08-17 02:01:26.947460
216,216.jpg,2022-08-17 02:01:26.981710
217,217.jpg,2022-08-17 02:01:27.015013
218,218.jpg,2022-08-17 02:01:27.046627
219,219.jpg,2022-08-17 02:01:27.079805
220,220.jpg,2022-08-17 02:01:27.113406
221,221.jpg,2022-08-17 02:01:27.148782
222,222.jpg,2022-08-17 02:01:27.179743
223,223.jpg,2022-08-17 02:01:27.216080
224,224.jpg,2022-08-17 02:01:27.246764
225,225.jpg,2022-08-17 02:01:27.281443
226,226.jpg,2022-08-17 02:01:27.316222
227,227.jpg,2022-08-17 02:01:27.346759
228,228.jpg,2022-08-17 02:01:27.380011
229,229.jpg,2022-08-17 02:01:27.413069
230,230.jpg,2022-08-17 02:01:27.446677
231,231.jpg,2022-08-17 02:01:27.482370
232,232.jpg,2022-08-17 02:01:27.513803
233,233.jpg,2022-08-17 02:01:27.546066
234,234.jpg,2022-08-17 02:01:27.579050
235,235.jpg,2022-08-17 02:01:27.614632
236,236.jpg,2022-08-17 02:01:27.647831
237,237.jpg,2022-08-17 02:01:27.679621
238,238.jpg,2022-08-17 02:01:27.712831
239,239.jpg,2022-08-17 02:01:27.745843
240,240.jpg,2022-08-17 02:01:27.790510
241,241.jpg,2022-08-17 02:01:27.816028
242,242.jpg,2022-08-17 02:01:27.849433
243,243.jpg,2022-08-17 02:01:27.880041
244,244.jpg,2022-08-17 02:01:27.913109
245,245.jpg,2022-08-17 02:01:27.948350
246,246.jpg,2022-08-17 02:01:27.981833
247,247.jpg,2022-08-17 02:01:28.013393
248,248.jpg,2022-08-17 02:01:28.046236
249,249.jpg,2022-08-17 02:01:28.082343
250,250.jpg,2022-08-17 02:01:28.115807
251,251.jpg,2022-08-17 02:01:28.152307
252,252.jpg,2022-08-17 02:01:28.184771
253,253.jpg,2022-08-17 02:01:28.218269
254,254.jpg,2022-08-17 02:01:28.252556
255,255.jpg,2022-08-17 02:01:28.285411
256,256.jpg,2022-08-17 02:01:28.319602
257,257.jpg,2022-08-17 02:01:28.352893
258,258.jpg,2022-08-17 02:01:28.385025
259,259.jpg,2022-08-17 02:01:28.413452
260,260.jpg,2022-08-17 02:01:28.447604
261,261.jpg,2022-08-17 02:01:28.481795
262,262.jpg,2022-08-17 02:01:28.513346
263,263.jpg,2022-08-17 02:01:28.547079
264,264.jpg,2022-08-17 02:01:28.579130
265,265.jpg,2022-08-17 02:01:28.613185
266,266.jpg,2022-08-17 02:01:28.649018
267,267.jpg,2022-08-17 02:01:28.679402
268,268.jpg,2022-08-17 02:01:28.713029
269,269.jpg,2022-08-17 02:01:28.746494
270,270.jpg,2022-08-17 02:01:28.778818
271,271.jpg,2022-08-17 02:01:28.815429
272,272.jpg,2022-08-17 02:01:28.846671
273,273.jpg,2022-08-17 02:01:28.879305
274,274.jpg,2022-08-17 02:01:28.913743
275,275.jpg,2022-08-17 02:01:28.949087
276,276.jpg,2022-08-17 02:01:28.981692
277,277.jpg,2022-08-17 02:01:29.013856
278,278.jpg,2022-08-17 02:01:29.047711
279,279.jpg,2022-08-17 02:01:29.079497
280,280.jpg,2022-08-17 02:01:29.113172
281,281.jpg,2022-08-17 02:01:29.149163
282,282.jpg,2022-08-17 02:01:29.179194
283,283.jpg,2022-08-17 02:01:29.212991
284,284.jpg,2022-08-17 02:01:29.246207
285,285.jpg,2022-08-17 02:01:29.280312
286,286.jpg,2022-08-17 02:01:29.315665
287,287.jpg,2022-08-17 02:01:29.346350
288,288.jpg,2022-08-17 02:01:29.380173
289,289.jpg,2022-08-17 02:01:29.413563
290,290.jpg,2022-08-17 02:01:29.446992
291,291.jpg,2022-08-17 02:01:29.484983
292,292.jpg,2022-08-17 02:01:29.514098
293,293.jpg,2022-08-17 02:01:29.546738
294,294.jpg,2022-08-17 02:01:29.580153
295,295.jpg,2022-08-17 02:01:29.614451
296,296.jpg,2022-08-17 02:01:29.648461
297,297.jpg,2022-08-17 02:01:29.678733
298,298.jpg,2022-08-17 02:01:29.712859
299,299.jpg,2022-08-17 02:01:29.745906
300,300.jpg,2022-08-17 02:01:29.785402
301,301.jpg,2022-08-17 02:01:29.819809
302,302.jpg,2022-08-17 02:01:29.857836
303,303.jpg,2022-08-17 02:01:29.883763
304,304.jpg,2022-08-17 02:01:29.915915
305,305.jpg,2022-08-17 02:01:29.952206
306,306.jpg,2022-08-17 02:01:29.987506
307,307.jpg,2022-08-17 02:01:30.019216
308,308.jpg,2022-08-17 02:01:30.051365
309,309.jpg,2022-08-17 02:01:30.086174
310,310.jpg,2022-08-17 02:01:30.116278
311,311.jpg,2022-08-17 02:01:30.156230
312,312.jpg,2022-08-17 02:01:30.184447
313,313.jpg,2022-08-17 02:01:30.214340
314,314.jpg,2022-08-17 02:01:30.247322
315,315.jpg,2022-08-17 02:01:30.281396
316,316.jpg,2022-08-17 02:01:30.316066
317,317.jpg,2022-08-17 02:01:30.346620
318,318.jpg,2022-08-17 02:01:30.379632
319,319.jpg,2022-08-17 02:01:30.413539
320,320.jpg,2022-08-17 02:01:30.454083
321,321.jpg,2022-08-17 02:01:30.483439
322,322.jpg,2022-08-17 02:01:30.513392
323,323.jpg,2022-08-17 02:01:30.546095
324,324.jpg,2022-08-17 02:01:30.579737
325,325.jpg,2022-08-17 02:01:30.614562
326,326.jpg,2022-08-17 02:01:30.648376
327,327.jpg,2022-08-17 02:01:30.682783
328,328.jpg,2022-08-17 02:01:30.713701
329,329.jpg,2022-08-17 02:01:30.746810
330,330.jpg,2022-08-17 02:01:30.780977
331,331.jpg,2022-08-17 02:01:30.815823
332,332.jpg,2022-08-17 02:01:30.846818
333,333.jpg,2022-08-17 02:01:30.880878
334,334.jpg,2022-08-17 02:01:30.913074
335,335.jpg,2022-08-17 02:01:30.946886
336,336.jpg,2022-08-17 02:01:30.983344
337,337.jpg,2022-08-17 02:01:31.012985
338,338.jpg,2022-08-17 02:01:31.045305
339,339.jpg,2022-08-17 02:01:31.078897
340,340.jpg,2022-08-17 02:01:31.111939
341,341.jpg,2022-08-17 02:01:31.147676
342,342.jpg,2022-08-17 02:01:31.179383
343,343.jpg,2022-08-17 02:01:31.213956
344,344.jpg,2022-08-17 02:01:31.261479
345,345.jpg,2022-08-17 02:01:31.280475
346,346.jpg,2022-08-17 02:01:31.316964
347,347.jpg,2022-08-17 02:01:31.346074
348,348.jpg,2022-08-17 02:01:31.379335
349,349.jpg,2022-08-17 02:01:31.413202
350,350.jpg,2022-08-17 02:01:31.445188
351,351.jpg,2022-08-17 02:01:31.480904
352,352.jpg,2022-08-17 02:01:31.512305
353,353.jpg,2022-08-17 02:01:31.545512
354,354.jpg,2022-08-17 02:01:31.578624
355,355.jpg,2022-08-17 02:01:31.616663
356,356.jpg,2022-08-17 02:01:31.650043
357,357.jpg,2022-08-17 02:01:31.681559
358,358.jpg,2022-08-17 02:01:31.716916
359,359.jpg,2022-08-17 02:01:31.750621
360,360.jpg,2022-08-17 02:01:31.784987
361,361.jpg,2022-08-17 02:01:31.819600
362,362.jpg,2022-08-17 02:01:31.851248
363,363.jpg,2022-08-17 02:01:31.884333
364,364.jpg,2022-08-17 02:01:31.913737
365,365.jpg,2022-08-17 02:01:31.947597
366,366.jpg,2022-08-17 02:01:31.981093
367,367.jpg,2022-08-17 02:01:32.013610
368,368.jpg,2022-08-17 02:01:32.046096
369,369.jpg,2022-08-17 02:01:32.079400
370,370.jpg,2022-08-17 02:01:32.112673
371,371.jpg,2022-08-17 02:01:32.147965
372,372.jpg,2022-08-17 02:01:32.179283
373,373.jpg,2022-08-17 02:01:32.213178
374,374.jpg,2022-08-17 02:01:32.246007
375,375.jpg,2022-08-17 02:01:32.280001
376,376.jpg,2022-08-17 02:01:32.314593
377,377.jpg,2022-08-17 02:01:32.345535
378,378.jpg,2022-08-17 02:01:32.379415
379,379.jpg,2022-08-17 02:01:32.414567
380,380.jpg,2022-08-17 02:01:32.446880
381,381.jpg,2022-08-17 02:01:32.481280
382,382.jpg,2022-08-17 02:01:32.513770
383,383.jpg,2022-08-17 02:01:32.546208
384,384.jpg,2022-08-17 02:01:32.579337
385,385.jpg,2022-08-17 02:01:32.615447
386,386.jpg,2022-08-17 02:01:32.647892
387,387.jpg,2022-08-17 02:01:32.678880
388,388.jpg,2022-08-17 02:01:32.713700
389,389.jpg,2022-08-17 02:01:32.745804
390,390.jpg,2022-08-17 02:01:32.779091
391,391.jpg,2022-08-17 02:01:32.816630
392,392.jpg,2022-08-17 02:01:32.845325
393,393.jpg,2022-08-17 02:01:32.878751
394,394.jpg,2022-08-17 02:01:32.912972
395,395.jpg,2022-08-17 02:01:32.946574
396,396.jpg,2022-08-17 02:01:32.981781
397,397.jpg,2022-08-17 02:01:33.013169
398,398.jpg,2022-08-17 02:01:33.045969
399,399.jpg,2022-08-17 02:01:33.080151
400,400.jpg,2022-08-17 02:01:33.113423
401,401.jpg,2022-08-17 02:01:33.148866
402,402.jpg,2022-08-17 02:01:33.179997
403,403.jpg,2022-08-17 02:01:33.212459
404,404.jpg,2022-08-17 02:01:33.245776
405,405.jpg,2022-08-17 02:01:33.279705
406,406.jpg,2022-08-17 02:01:33.320280
407,407.jpg,2022-08-17 02:01:33.351725
408,408.jpg,2022-08-17 02:01:33.384310
409,409.jpg,2022-08-17 02:01:33.416620
410,410.jpg,2022-08-17 02:01:33.450225
411,411.jpg,2022-08-17 02:01:33.485617
412,412.jpg,2022-08-17 02:01:33.518444
413,413.jpg,2022-08-17 02:01:33.551183
414,414.jpg,2022-08-17 02:01:33.584461
415,415.jpg,2022-08-17 02:01:33.617713
416,416.jpg,2022-08-17 02:01:33.652006
417,417.jpg,2022-08-17 02:01:33.683927
418,418.jpg,2022-08-17 02:01:33.714157
419,419.jpg,2022-08-17 02:01:33.746718
420,420.jpg,2022-08-17 02:01:33.779525
421,421.jpg,2022-08-17 02:01:33.815617
422,422.jpg,2022-08-17 02:01:33.846515
423,423.jpg,2022-08-17 02:01:33.878781
424,424.jpg,2022-08-17 02:01:33.912212
425,425.jpg,2022-08-17 02:01:33.946689
426,426.jpg,2022-08-17 02:01:33.981308
427,427.jpg,2022-08-17 02:01:34.012014
428,428.jpg,2022-08-17 02:01:34.044739
429,429.jpg,2022-08-17 02:01:34.077715
430,430.jpg,2022-08-17 02:01:34.111754
431,431.jpg,2022-08-17 02:01:34.146957
432,432.jpg,2022-08-17 02:01:34.178109
433,433.jpg,2022-08-17 02:01:34.214068
434,434.jpg,2022-08-17 02:01:34.246975
435,435.jpg,2022-08-17 02:01:34.281514
436,436.jpg,2022-08-17 02:01:34.315668
437,437.jpg,2022-08-17 02:01:34.345971
438,438.jpg,2022-08-17 02:01:34.380106
439,439.jpg,2022-08-17 02:01:34.418822
440,440.jpg,2022-08-17 02:01:34.450512
441,441.jpg,2022-08-17 02:01:34.483365
442,442.jpg,2022-08-17 02:01:34.515686
443,443.jpg,2022-08-17 02:01:34.549881
444,444.jpg,2022-08-17 02:01:34.582403
445,445.jpg,2022-08-17 02:01:34.619476
446,446.jpg,2022-08-17 02:01:34.653580
447,447.jpg,2022-08-17 02:01:34.684083
448,448.jpg,2022-08-17 02:01:34.716946
449,449.jpg,2022-08-17 02:01:34.751101
450,450.jpg,2022-08-17 02:01:34.781348
451,451.jpg,2022-08-17 02:01:34.818115
452,452.jpg,2022-08-17 02:01:34.852364
453,453.jpg,2022-08-17 02:01:34.882421
454,454.jpg,2022-08-17 02:01:34.914626
455,455.jpg,2022-08-17 02:01:34.946264
456,456.jpg,2022-08-17 02:01:34.979892
457,457.jpg,2022-08-17 02:01:35.012422
458,458.jpg,2022-08-17 02:01:35.045781
459,459.jpg,2022-08-17 02:01:35.078659
460,460.jpg,2022-08-17 02:01:35.112198
461,461.jpg,2022-08-17 02:01:35.147076
462,462.jpg,2022-08-17 02:01:35.179205
463,463.jpg,2022-08-17 02:01:35.212705
464,464.jpg,2022-08-17 02:01:35.245629
465,465.jpg,2022-08-17 02:01:35.279155
466,466.jpg,2022-08-17 02:01:35.314568
467,467.jpg,2022-08-17 02:01:35.345535
468,468.jpg,2022-08-17 02:01:35.378667
469,469.jpg,2022-08-17 02:01:35.413069
470,470.jpg,2022-08-17 02:01:35.453411
471,471.jpg,2022-08-17 02:01:35.482373
472,472.jpg,2022-08-17 02:01:35.513475
473,473.jpg,2022-08-17 02:01:35.546305
474,474.jpg,2022-08-17 02:01:35.579482
475,475.jpg,2022-08-17 02:01:35.622497
476,476.jpg,2022-08-17 02:01:35.655496
477,477.jpg,2022-08-17 02:01:35.686469
478,478.jpg,2022-08-17 02:01:35.712903
479,479.jpg,2022-08-17 02:01:35.745007
480,480.jpg,2022-08-17 02:01:35.778323
481,481.jpg,2022-08-17 02:01:35.813655
482,482.jpg,2022-08-17 02:01:35.844455
483,483.jpg,2022-08-17 02:01:35.878647
484,484.jpg,2022-08-17 02:01:35.912030
485,485.jpg,2022-08-17 02:01:35.945377
486,486.jpg,2022-08-17 02:01:35.980687
487,487.jpg,2022-08-17 02:01:36.012552
488,488.jpg,2022-08-17 02:01:36.061002
489,489.jpg,2022-08-17 02:01:36.080355
490,490.jpg,2022-08-17 02:01:36.112335
491,491.jpg,2022-08-17 02:01:36.147515
492,492.jpg,2022-08-17 02:01:36.179579
493,493.jpg,2022-08-17 02:01:36.211490
494,494.jpg,2022-08-17 02:01:36.245369
495,495.jpg,2022-08-17 02:01:36.278983
496,496.jpg,2022-08-17 02:01:36.316306
497,497.jpg,2022-08-17 02:01:36.346836
498,498.jpg,2022-08-17 02:01:36.380867
499,499.jpg,2022-08-17 02:01:36.411930
500,500.jpg,2022-08-17 02:01:36.451071
501,501.jpg,2022-08-17 02:01:36.487212
502,502.jpg,2022-08-17 02:01:36.517309
503,503.jpg,2022-08-17 02:01:36.548815
504,504.jpg,2022-08-17 02:01:36.583097
505,505.jpg,2022-08-17 02:01:36.616022
506,506.jpg,2022-08-17 02:01:36.674513
507,507.jpg,2022-08-17 02:01:36.682356
508,508.jpg,2022-08-17 02:01:36.711803
509,509.jpg,2022-08-17 02:01:36.745604
510,510.jpg,2022-08-17 02:01:36.779638
511,511.jpg,2022-08-17 02:01:36.813973
512,512.jpg,2022-08-17 02:01:36.845721
513,513.jpg,2022-08-17 02:01:36.878661
514,514.jpg,2022-08-17 02:01:36.911985
515,515.jpg,2022-08-17 02:01:36.946040
516,516.jpg,2022-08-17 02:01:36.980734
517,517.jpg,2022-08-17 02:01:37.012263
518,518.jpg,2022-08-17 02:01:37.045641
519,519.jpg,2022-08-17 02:01:37.078541
520,520.jpg,2022-08-17 02:01:37.112048
521,521.jpg,2022-08-17 02:01:37.148440
522,522.jpg,2022-08-17 02:01:37.179602
523,523.jpg,2022-08-17 02:01:37.212113
524,524.jpg,2022-08-17 02:01:37.246145
525,525.jpg,2022-08-17 02:01:37.279345
526,526.jpg,2022-08-17 02:01:37.315077
527,527.jpg,2022-08-17 02:01:37.345904
528,528.jpg,2022-08-17 02:01:37.378278
529,529.jpg,2022-08-17 02:01:37.411413
530,530.jpg,2022-08-17 02:01:37.444983
531,531.jpg,2022-08-17 02:01:37.480674
532,532.jpg,2022-08-17 02:01:37.512022
533,533.jpg,2022-08-17 02:01:37.545031
534,534.jpg,2022-08-17 02:01:37.577907
535,535.jpg,2022-08-17 02:01:37.612689
536,536.jpg,2022-08-17 02:01:37.647554
537,537.jpg,2022-08-17 02:01:37.678553
538,538.jpg,2022-08-17 02:01:37.714605
539,539.jpg,2022-08-17 02:01:37.745490
540,540.jpg,2022-08-17 02:01:37.792175
541,541.jpg,2022-08-17 02:01:37.814447
542,542.jpg,2022-08-17 02:01:37.844974
543,543.jpg,2022-08-17 02:01:37.878234
544,544.jpg,2022-08-17 02:01:37.910845
545,545.jpg,2022-08-17 02:01:37.945288
546,546.jpg,2022-08-17 02:01:37.979685
547,547.jpg,2022-08-17 02:01:38.011567
548,548.jpg,2022-08-17 02:01:38.047624
549,549.jpg,2022-08-17 02:01:38.080951
550,550.jpg,2022-08-17 02:01:38.114869
551,551.jpg,2022-08-17 02:01:38.151215
552,552.jpg,2022-08-17 02:01:38.181900
553,553.jpg,2022-08-17 02:01:38.216258
554,554.jpg,2022-08-17 02:01:38.248285
555,555.jpg,2022-08-17 02:01:38.282904
556,556.jpg,2022-08-17 02:01:38.321426
557,557.jpg,2022-08-17 02:01:38.348710
558,558.jpg,2022-08-17 02:01:38.383382
559,559.jpg,2022-08-17 02:01:38.418488
560,560.jpg,2022-08-17 02:01:38.444977
561,561.jpg,2022-08-17 02:01:38.480249
562,562.jpg,2022-08-17 02:01:38.511077
563,563.jpg,2022-08-17 02:01:38.544477
564,564.jpg,2022-08-17 02:01:38.577505
565,565.jpg,2022-08-17 02:01:38.611900
566,566.jpg,2022-08-17 02:01:38.646736
567,567.jpg,2022-08-17 02:01:38.677848
568,568.jpg,2022-08-17 02:01:38.711591
569,569.jpg,2022-08-17 02:01:38.744496
570,570.jpg,2022-08-17 02:01:38.777757
571,571.jpg,2022-08-17 02:01:38.813402
572,572.jpg,2022-08-17 02:01:38.843721
573,573.jpg,2022-08-17 02:01:38.877492
574,574.jpg,2022-08-17 02:01:38.921230
575,575.jpg,2022-08-17 02:01:38.961767
576,576.jpg,2022-08-17 02:01:38.983090
577,577.jpg,2022-08-17 02:01:39.012041
578,578.jpg,2022-08-17 02:01:39.045561
579,579.jpg,2022-08-17 02:01:39.079167
580,580.jpg,2022-08-17 02:01:39.111678
581,581.jpg,2022-08-17 02:01:39.150179
582,582.jpg,2022-08-17 02:01:39.180448
583,583.jpg,2022-08-17 02:01:39.214156
584,584.jpg,2022-08-17 02:01:39.247550
585,585.jpg,2022-08-17 02:01:39.281605
586,586.jpg,2022-08-17 02:01:39.316858
587,587.jpg,2022-08-17 02:01:39.350298
588,588.jpg,2022-08-17 02:01:39.382313
589,589.jpg,2022-08-17 02:01:39.417068
590,590.jpg,2022-08-17 02:01:39.449342
591,591.jpg,2022-08-17 02:01:39.484964
592,592.jpg,2022-08-17 02:01:39.517111
593,593.jpg,2022-08-17 02:01:39.548990
594,594.jpg,2022-08-17 02:01:39.582157
595,595.jpg,2022-08-17 02:01:39.616645
596,596.jpg,2022-08-17 02:01:39.648725
597,597.jpg,2022-08-17 02:01:39.677655
598,598.jpg,2022-08-17 02:01:39.711054
599,599.jpg,2022-08-17 02:01:39.745874
600,600.jpg,2022-08-17 02:01:39.777360
601,601.jpg,2022-08-17 02:01:39.813596
602,602.jpg,2022-08-17 02:01:39.845228
603,603.jpg,2022-08-17 02:01:39.877690
604,604.jpg,2022-08-17 02:01:39.910462
605,605.jpg,2022-08-17 02:01:39.944747
606,606.jpg,2022-08-17 02:01:39.979357
607,607.jpg,2022-08-17 02:01:40.011078
608,608.jpg,2022-08-17 02:01:40.045464
609,609.jpg,2022-08-17 02:01:40.076827
610,610.jpg,2022-08-17 02:01:40.111511
611,611.jpg,2022-08-17 02:01:40.148548
612,612.jpg,2022-08-17 02:01:40.180906
613,613.jpg,2022-08-17 02:01:40.211120
614,614.jpg,2022-08-17 02:01:40.245623
615,615.jpg,2022-08-17 02:01:40.278503
616,616.jpg,2022-08-17 02:01:40.313464
617,617.jpg,2022-08-17 02:01:40.351712
618,618.jpg,2022-08-17 02:01:40.382216
619,619.jpg,2022-08-17 02:01:40.417944
620,620.jpg,2022-08-17 02:01:40.459728
621,621.jpg,2022-08-17 02:01:40.490862
622,622.jpg,2022-08-17 02:01:40.516580
623,623.jpg,2022-08-17 02:01:40.548467
624,624.jpg,2022-08-17 02:01:40.580455
625,625.jpg,2022-08-17 02:01:40.613825
626,626.jpg,2022-08-17 02:01:40.651320
627,627.jpg,2022-08-17 02:01:40.680964
628,628.jpg,2022-08-17 02:01:40.714704
629,629.jpg,2022-08-17 02:01:40.748822
630,630.jpg,2022-08-17 02:01:40.781635
631,631.jpg,2022-08-17 02:01:40.817072
632,632.jpg,2022-08-17 02:01:40.847497
633,633.jpg,2022-08-17 02:01:40.877852
634,634.jpg,2022-08-17 02:01:40.910484
635,635.jpg,2022-08-17 02:01:40.944914
636,636.jpg,2022-08-17 02:01:40.978926
637,637.jpg,2022-08-17 02:01:41.010441
638,638.jpg,2022-08-17 02:01:41.044250
639,639.jpg,2022-08-17 02:01:41.077323
640,640.jpg,2022-08-17 02:01:41.110812
641,641.jpg,2022-08-17 02:01:41.146242
642,642.jpg,2022-08-17 02:01:41.178054
643,643.jpg,2022-08-17 02:01:41.211278
644,644.jpg,2022-08-17 02:01:41.244777
645,645.jpg,2022-08-17 02:01:41.278056
646,646.jpg,2022-08-17 02:01:41.313247
647,647.jpg,2022-08-17 02:01:41.346671
648,648.jpg,2022-08-17 02:01:41.378070
649,649.jpg,2022-08-17 02:01:41.412105
650,650.jpg,2022-08-17 02:01:41.445077
651,651.jpg,2022-08-17 02:01:41.479630
652,652.jpg,2022-08-17 02:01:41.511044
653,653.jpg,2022-08-17 02:01:41.546360
654,654.jpg,2022-08-17 02:01:41.582082
655,655.jpg,2022-08-17 02:01:41.617049
656,656.jpg,2022-08-17 02:01:41.651223
657,657.jpg,2022-08-17 02:01:41.683064
658,658.jpg,2022-08-17 02:01:41.716340
659,659.jpg,2022-08-17 02:01:41.748341
660,660.jpg,2022-08-17 02:01:41.782732
661,661.jpg,2022-08-17 02:01:41.817054
662,662.jpg,2022-08-17 02:01:41.847484
663,663.jpg,2022-08-17 02:01:41.882760
664,664.jpg,2022-08-17 02:01:41.915611
665,665.jpg,2022-08-17 02:01:41.949915
666,666.jpg,2022-08-17 02:01:41.987119
667,667.jpg,2022-08-17 02:01:42.017274
668,668.jpg,2022-08-17 02:01:42.047419
669,669.jpg,2022-08-17 02:01:42.079893
670,670.jpg,2022-08-17 02:01:42.110929
671,671.jpg,2022-08-17 02:01:42.145774
672,672.jpg,2022-08-17 02:01:42.177543
673,673.jpg,2022-08-17 02:01:42.210766
674,674.jpg,2022-08-17 02:01:42.244588
675,675.jpg,2022-08-17 02:01:42.278262
676,676.jpg,2022-08-17 02:01:42.312126
677,677.jpg,2022-08-17 02:01:42.343207
678,678.jpg,2022-08-17 02:01:42.376790
679,679.jpg,2022-08-17 02:01:42.413695
680,680.jpg,2022-08-17 02:01:42.445854
681,681.jpg,2022-08-17 02:01:42.480424
682,682.jpg,2022-08-17 02:01:42.510266
683,683.jpg,2022-08-17 02:01:42.544066
684,684.jpg,2022-08-17 02:01:42.579022
685,685.jpg,2022-08-17 02:01:42.611117
686,686.jpg,2022-08-17 02:01:42.646914
687,687.jpg,2022-08-17 02:01:42.676883
688,688.jpg,2022-08-17 02:01:42.710224
689,689.jpg,2022-08-17 02:01:42.743709
690,690.jpg,2022-08-17 02:01:42.781569
691,691.jpg,2022-08-17 02:01:42.818666
692,692.jpg,2022-08-17 02:01:42.848378
693,693.jpg,2022-08-17 02:01:42.879678
694,694.jpg,2022-08-17 02:01:42.913967
695,695.jpg,2022-08-17 02:01:42.948330
696,696.jpg,2022-08-17 02:01:42.987378
697,697.jpg,2022-08-17 02:01:43.014554
698,698.jpg,2022-08-17 02:01:43.047393
699,699.jpg,2022-08-17 02:01:43.080463
700,700.jpg,2022-08-17 02:01:43.114023
701,701.jpg,2022-08-17 02:01:43.149512
702,702.jpg,2022-08-17 02:01:43.186679
703,703.jpg,2022-08-17 02:01:43.218254
704,704.jpg,2022-08-17 02:01:43.247235
705,705.jpg,2022-08-17 02:01:43.280201
706,706.jpg,2022-08-17 02:01:43.312932
707,707.jpg,2022-08-17 02:01:43.344148
708,708.jpg,2022-08-17 02:01:43.376958
709,709.jpg,2022-08-17 02:01:43.410743
710,710.jpg,2022-08-17 02:01:43.443469
711,711.jpg,2022-08-17 02:01:43.478879
712,712.jpg,2022-08-17 02:01:43.510114
713,713.jpg,2022-08-17 02:01:43.543225
714,714.jpg,2022-08-17 02:01:43.576514
715,715.jpg,2022-08-17 02:01:43.611407
716,716.jpg,2022-08-17 02:01:43.645213
717,717.jpg,2022-08-17 02:01:43.676894
718,718.jpg,2022-08-17 02:01:43.711460
719,719.jpg,2022-08-17 02:01:43.743686
720,720.jpg,2022-08-17 02:01:43.791059
721,721.jpg,2022-08-17 02:01:43.820260
722,722.jpg,2022-08-17 02:01:43.844460
723,723.jpg,2022-08-17 02:01:43.878209
724,724.jpg,2022-08-17 02:01:43.910645
725,725.jpg,2022-08-17 02:01:43.944835
726,726.jpg,2022-08-17 02:01:43.983241
727,727.jpg,2022-08-17 02:01:44.015739
728,728.jpg,2022-08-17 02:01:44.048202
729,729.jpg,2022-08-17 02:01:44.076740
730,730.jpg,2022-08-17 02:01:44.110360
731,731.jpg,2022-08-17 02:01:44.145735
732,732.jpg,2022-08-17 02:01:44.177090
733,733.jpg,2022-08-17 02:01:44.210449
734,734.jpg,2022-08-17 02:01:44.243515
735,735.jpg,2022-08-17 02:01:44.277545
736,736.jpg,2022-08-17 02:01:44.311789
737,737.jpg,2022-08-17 02:01:44.344557
738,738.jpg,2022-08-17 02:01:44.379050
739,739.jpg,2022-08-17 02:01:44.410483
740,740.jpg,2022-08-17 02:01:44.443582
741,741.jpg,2022-08-17 02:01:44.477798
742,742.jpg,2022-08-17 02:01:44.510202
743,743.jpg,2022-08-17 02:01:44.543439
744,744.jpg,2022-08-17 02:01:44.576605
745,745.jpg,2022-08-17 02:01:44.610420
746,746.jpg,2022-08-17 02:01:44.644744
747,747.jpg,2022-08-17 02:01:44.676247
748,748.jpg,2022-08-17 02:01:44.709719
749,749.jpg,2022-08-17 02:01:44.743163
750,750.jpg,2022-08-17 02:01:44.780231
751,751.jpg,2022-08-17 02:01:44.815552
752,752.jpg,2022-08-17 02:01:44.850201
753,753.jpg,2022-08-17 02:01:44.880151
754,754.jpg,2022-08-17 02:01:44.914070
755,755.jpg,2022-08-17 02:01:44.952700
756,756.jpg,2022-08-17 02:01:44.980179
757,757.jpg,2022-08-17 02:01:45.009898
758,758.jpg,2022-08-17 02:01:45.043723
759,759.jpg,2022-08-17 02:01:45.076829
760,760.jpg,2022-08-17 02:01:45.110122
761,761.jpg,2022-08-17 02:01:45.144857
762,762.jpg,2022-08-17 02:01:45.176360
763,763.jpg,2022-08-17 02:01:45.209520
764,764.jpg,2022-08-17 02:01:45.243208
765,765.jpg,2022-08-17 02:01:45.276966
766,766.jpg,2022-08-17 02:01:45.311560
767,767.jpg,2022-08-17 02:01:45.343706
768,768.jpg,2022-08-17 02:01:45.375808
769,769.jpg,2022-08-17 02:01:45.409884
770,770.jpg,2022-08-17 02:01:45.451699
771,771.jpg,2022-08-17 02:01:45.480897
772,772.jpg,2022-08-17 02:01:45.521172
773,773.jpg,2022-08-17 02:01:45.562476
774,774.jpg,2022-08-17 02:01:45.580217
775,775.jpg,2022-08-17 02:01:45.612401
776,776.jpg,2022-08-17 02:01:45.648024
777,777.jpg,2022-08-17 02:01:45.688318
778,778.jpg,2022-08-17 02:01:45.715476
779,779.jpg,2022-08-17 02:01:45.748772
780,780.jpg,2022-08-17 02:01:45.779427
781,781.jpg,2022-08-17 02:01:45.813218
782,782.jpg,2022-08-17 02:01:45.844126
783,783.jpg,2022-08-17 02:01:45.877665
784,784.jpg,2022-08-17 02:01:45.911152
785,785.jpg,2022-08-17 02:01:45.945404
786,786.jpg,2022-08-17 02:01:45.979818
787,787.jpg,2022-08-17 02:01:46.010769
788,788.jpg,2022-08-17 02:01:46.047051
789,789.jpg,2022-08-17 02:01:46.078507
790,790.jpg,2022-08-17 02:01:46.112675
791,791.jpg,2022-08-17 02:01:46.147462
792,792.jpg,2022-08-17 02:01:46.178817
793,793.jpg,2022-08-17 02:01:46.211009
794,794.jpg,2022-08-17 02:01:46.244496
795,795.jpg,2022-08-17 02:01:46.279277
796,796.jpg,2022-08-17 02:01:46.313084
797,797.jpg,2022-08-17 02:01:46.344794
798,798.jpg,2022-08-17 02:01:46.377386
799,799.jpg,2022-08-17 02:01:46.410881
800,800.jpg,2022-08-17 02:01:46.444685
801,801.jpg,2022-08-17 02:01:46.489158
802,802.jpg,2022-08-17 02:01:46.516586
803,803.jpg,2022-08-17 02:01:46.550024
804,804.jpg,2022-08-17 02:01:46.582805
805,805.jpg,2022-08-17 02:01:46.616008
806,806.jpg,2022-08-17 02:01:46.654851
807,807.jpg,2022-08-17 02:01:46.682030
808,808.jpg,2022-08-17 02:01:46.712553
809,809.jpg,2022-08-17 02:01:46.745196
810,810.jpg,2022-08-17 02:01:46.778434
811,811.jpg,2022-08-17 02:01:46.813904
812,812.jpg,2022-08-17 02:01:46.845339
813,813.jpg,2022-08-17 02:01:46.878289
814,814.jpg,2022-08-17 02:01:46.911271
815,815.jpg,2022-08-17 02:01:46.945090
816,816.jpg,2022-08-17 02:01:46.979566
817,817.jpg,2022-08-17 02:01:47.011309
818,818.jpg,2022-08-17 02:01:47.045193
819,819.jpg,2022-08-17 02:01:47.079206
820,820.jpg,2022-08-17 02:01:47.111052
821,821.jpg,2022-08-17 02:01:47.146596
822,822.jpg,2022-08-17 02:01:47.179157
823,823.jpg,2022-08-17 02:01:47.212108
824,824.jpg,2022-08-17 02:01:47.262760
825,825.jpg,2022-08-17 02:01:47.293066
826,826.jpg,2022-08-17 02:01:47.315682
827,827.jpg,2022-08-17 02:01:47.346167
828,828.jpg,2022-08-17 02:01:47.378601
829,829.jpg,2022-08-17 02:01:47.413029
830,830.jpg,2022-08-17 02:01:47.444427
831,831.jpg,2022-08-17 02:01:47.479185
832,832.jpg,2022-08-17 02:01:47.511911
833,833.jpg,2022-08-17 02:01:47.544947
834,834.jpg,2022-08-17 02:01:47.578763
835,835.jpg,2022-08-17 02:01:47.612138
836,836.jpg,2022-08-17 02:01:47.646966
837,837.jpg,2022-08-17 02:01:47.677947
838,838.jpg,2022-08-17 02:01:47.711707
839,839.jpg,2022-08-17 02:01:47.744944
840,840.jpg,2022-08-17 02:01:47.778445
841,841.jpg,2022-08-17 02:01:47.814636
842,842.jpg,2022-08-17 02:01:47.853597
843,843.jpg,2022-08-17 02:01:47.879844
844,844.jpg,2022-08-17 02:01:47.911931
845,845.jpg,2022-08-17 02:01:47.946373
846,846.jpg,2022-08-17 02:01:47.980715
847,847.jpg,2022-08-17 02:01:48.011101
848,848.jpg,2022-08-17 02:01:48.044905
849,849.jpg,2022-08-17 02:01:48.078101
850,850.jpg,2022-08-17 02:01:48.116118
851,851.jpg,2022-08-17 02:01:48.153369
852,852.jpg,2022-08-17 02:01:48.186473
853,853.jpg,2022-08-17 02:01:48.216293
854,854.jpg,2022-08-17 02:01:48.250443
855,855.jpg,2022-08-17 02:01:48.287009
856,856.jpg,2022-08-17 02:01:48.319761
857,857.jpg,2022-08-17 02:01:48.349036
858,858.jpg,2022-08-17 02:01:48.382987
859,859.jpg,2022-08-17 02:01:48.413033
860,860.jpg,2022-08-17 02:01:48.445516
861,861.jpg,2022-08-17 02:01:48.481097
862,862.jpg,2022-08-17 02:01:48.512140
863,863.jpg,2022-08-17 02:01:48.545334
864,864.jpg,2022-08-17 02:01:48.579295
865,865.jpg,2022-08-17 02:01:48.612337
866,866.jpg,2022-08-17 02:01:48.646891
867,867.jpg,2022-08-17 02:01:48.677727
868,868.jpg,2022-08-17 02:01:48.711462
869,869.jpg,2022-08-17 02:01:48.745007
870,870.jpg,2022-08-17 02:01:48.778913
871,871.jpg,2022-08-17 02:01:48.815041
872,872.jpg,2022-08-17 02:01:48.844603
873,873.jpg,2022-08-17 02:01:48.877705
874,874.jpg,2022-08-17 02:01:48.912915
875,875.jpg,2022-08-17 02:01:48.947662
876,876.jpg,2022-08-17 02:01:48.981813
877,877.jpg,2022-08-17 02:01:49.013843
878,878.jpg,2022-08-17 02:01:49.045646
879,879.jpg,2022-08-17 02:01:49.078544
880,880.jpg,2022-08-17 02:01:49.112291
881,881.jpg,2022-08-17 02:01:49.146923
882,882.jpg,2022-08-17 02:01:49.178161
883,883.jpg,2022-08-17 02:01:49.211664
884,884.jpg,2022-08-17 02:01:49.244540
885,885.jpg,2022-08-17 02:01:49.278590
886,886.jpg,2022-08-17 02:01:49.313283
887,887.jpg,2022-08-17 02:01:49.346063
888,888.jpg,2022-08-17 02:01:49.377793
889,889.jpg,2022-08-17 02:01:49.411438
890,890.jpg,2022-08-17 02:01:49.445021
891,891.jpg,2022-08-17 02:01:49.480009
892,892.jpg,2022-08-17 02:01:49.521230
893,893.jpg,2022-08-17 02:01:49.561383
894,894.jpg,2022-08-17 02:01:49.580317
895,895.jpg,2022-08-17 02:01:49.613446
896,896.jpg,2022-08-17 02:01:49.647581
897,897.jpg,2022-08-17 02:01:49.680185
898,898.jpg,2022-08-17 02:01:49.711472
899,899.jpg,2022-08-17 02:01:49.744698
900,900.jpg,2022-08-17 02:01:49.778402
901,901.jpg,2022-08-17 02:01:49.822910
902,902.jpg,2022-08-17 02:01:49.853065
903,903.jpg,2022-08-17 02:01:49.887780
904,904.jpg,2022-08-17 02:01:49.918118
905,905.jpg,2022-08-17 02:01:49.950418
906,906.jpg,2022-08-17 02:01:49.988660
907,907.jpg,2022-08-17 02:01:50.017166
908,908.jpg,2022-08-17 02:01:50.049708
909,909.jpg,2022-08-17 02:01:50.083886
910,910.jpg,2022-08-17 02:01:50.130747
911,911.jpg,2022-08-17 02:01:50.153789
912,912.jpg,2022-08-17 02:01:50.183586
913,913.jpg,2022-08-17 02:01:50.214320
914,914.jpg,2022-08-17 02:01:50.245316
915,915.jpg,2022-08-17 02:01:50.278929
916,916.jpg,2022-08-17 02:01:50.314311
917,917.jpg,2022-08-17 02:01:50.344783
918,918.jpg,2022-08-17 02:01:50.378051
919,919.jpg,2022-08-17 02:01:50.411310
920,920.jpg,2022-08-17 02:01:50.454741
921,921.jpg,2022-08-17 02:01:50.480051
922,922.jpg,2022-08-17 02:01:50.512348
923,923.jpg,2022-08-17 02:01:50.546261
924,924.jpg,2022-08-17 02:01:50.579114
925,925.jpg,2022-08-17 02:01:50.612369
926,926.jpg,2022-08-17 02:01:50.648480
927,927.jpg,2022-08-17 02:01:50.679147
928,928.jpg,2022-08-17 02:01:50.713016
929,929.jpg,2022-08-17 02:01:50.753366
930,930.jpg,2022-08-17 02:01:50.779754
931,931.jpg,2022-08-17 02:01:50.814414
932,932.jpg,2022-08-17 02:01:50.847167
933,933.jpg,2022-08-17 02:01:50.879338
934,934.jpg,2022-08-17 02:01:50.922812
935,935.jpg,2022-08-17 02:01:50.954005
936,936.jpg,2022-08-17 02:01:50.987229
937,937.jpg,2022-08-17 02:01:51.019738
938,938.jpg,2022-08-17 02:01:51.049862
939,939.jpg,2022-08-17 02:01:51.082624
940,940.jpg,2022-08-17 02:01:51.121253
941,941.jpg,2022-08-17 02:01:51.153601
942,942.jpg,2022-08-17 02:01:51.183921
943,943.jpg,2022-08-17 02:01:51.220416
944,944.jpg,2022-08-17 02:01:51.257328
945,945.jpg,2022-08-17 02:01:51.286376
946,946.jpg,2022-08-17 02:01:51.347611
947,947.jpg,2022-08-17 02:01:51.353820
948,948.jpg,2022-08-17 02:01:51.379768
949,949.jpg,2022-08-17 02:01:51.413227
950,950.jpg,2022-08-17 02:01:51.446620
951,951.jpg,2022-08-17 02:01:51.481394
952,952.jpg,2022-08-17 02:01:51.512226
953,953.jpg,2022-08-17 02:01:51.545157
954,954.jpg,2022-08-17 02:01:51.578614
955,955.jpg,2022-08-17 02:01:51.613042
956,956.jpg,2022-08-17 02:01:51.647214
957,957.jpg,2022-08-17 02:01:51.677871
958,958.jpg,2022-08-17 02:01:51.711604
959,959.jpg,2022-08-17 02:01:51.745543
960,960.jpg,2022-08-17 02:01:51.778631
961,961.jpg,2022-08-17 02:01:51.817053
962,962.jpg,2022-08-17 02:01:51.845645
963,963.jpg,2022-08-17 02:01:51.897205
964,964.jpg,2022-08-17 02:01:51.921825
965,965.jpg,2022-08-17 02:01:51.949959
966,966.jpg,2022-08-17 02:01:51.982382
967,967.jpg,2022-08-17 02:01:52.013657
968,968.jpg,2022-08-17 02:01:52.047605
969,969.jpg,2022-08-17 02:01:52.078826
970,970.jpg,2022-08-17 02:01:52.112323
971,971.jpg,2022-08-17 02:01:52.147804
972,972.jpg,2022-08-17 02:01:52.178642
973,973.jpg,2022-08-17 02:01:52.211904
974,974.jpg,2022-08-17 02:01:52.245441
975,975.jpg,2022-08-17 02:01:52.279680
976,976.jpg,2022-08-17 02:01:52.314127
977,977.jpg,2022-08-17 02:01:52.345246
978,978.jpg,2022-08-17 02:01:52.380374
979,979.jpg,2022-08-17 02:01:52.412391
980,980.jpg,2022-08-17 02:01:52.446765
981,981.jpg,2022-08-17 02:01:52.484200
982,982.jpg,2022-08-17 02:01:52.515033
983,983.jpg,2022-08-17 02:01:52.546190
984,984.jpg,2022-08-17 02:01:52.580552
985,985.jpg,2022-08-17 02:01:52.614861
986,986.jpg,2022-08-17 02:01:52.647831
987,987.jpg,2022-08-17 02:01:52.679224
988,988.jpg,2022-08-17 02:01:52.711869
989,989.jpg,2022-08-17 02:01:52.753629
990,990.jpg,2022-08-17 02:01:52.795588
991,991.jpg,2022-08-17 02:01:52.820278
992,992.jpg,2022-08-17 02:01:52.845623
993,993.jpg,2022-08-17 02:01:52.878893
994,994.jpg,2022-08-17 02:01:52.912104
995,995.jpg,2022-08-17 02:01:52.946351
996,996.jpg,2022-08-17 02:01:52.980673
997,997.jpg,2022-08-17 02:01:53.013597
998,998.jpg,2022-08-17 02:01:53.048586
999,999.jpg,2022-08-17 02:01:53.080843
1000,1000.jpg,2022-08-17 02:01:53.114055
1001,1001.jpg,2022-08-17 02:01:53.150985
1002,1002.jpg,2022-08-17 02:01:53.180286
1003,1003.jpg,2022-08-17 02:01:53.213810
1004,1004.jpg,2022-08-17 02:01:53.245588
1005,1005.jpg,2022-08-17 02:01:53.279860
1006,1006.jpg,2022-08-17 02:01:53.314491
1007,1007.jpg,2022-08-17 02:01:53.346086
1008,1008.jpg,2022-08-17 02:01:53.379064
1009,1009.jpg,2022-08-17 02:01:53.412703
1010,1010.jpg,2022-08-17 02:01:53.448695
1011,1011.jpg,2022-08-17 02:01:53.480764
1012,1012.jpg,2022-08-17 02:01:53.513203
1013,1013.jpg,2022-08-17 02:01:53.553362
1014,1014.jpg,2022-08-17 02:01:53.588383
1015,1015.jpg,2022-08-17 02:01:53.621855
1016,1016.jpg,2022-08-17 02:01:53.666154
1017,1017.jpg,2022-08-17 02:01:53.681793
1018,1018.jpg,2022-08-17 02:01:53.713480
1019,1019.jpg,2022-08-17 02:01:53.746854
1020,1020.jpg,2022-08-17 02:01:53.779633
1021,1021.jpg,2022-08-17 02:01:53.816454
1022,1022.jpg,2022-08-17 02:01:53.846367
1023,1023.jpg,2022-08-17 02:01:53.879407
1024,1024.jpg,2022-08-17 02:01:53.913084
1025,1025.jpg,2022-08-17 02:01:53.946984
1026,1026.jpg,2022-08-17 02:01:53.982968
1027,1027.jpg,2022-08-17 02:01:54.013857
1028,1028.jpg,2022-08-17 02:01:54.046030
1029,1029.jpg,2022-08-17 02:01:54.079253
1030,1030.jpg,2022-08-17 02:01:54.113632
1031,1031.jpg,2022-08-17 02:01:54.150050
1032,1032.jpg,2022-08-17 02:01:54.188461
1033,1033.jpg,2022-08-17 02:01:54.221526
1034,1034.jpg,2022-08-17 02:01:54.249074
1035,1035.jpg,2022-08-17 02:01:54.281350
1036,1036.jpg,2022-08-17 02:01:54.317630
1037,1037.jpg,2022-08-17 02:01:54.346312
1038,1038.jpg,2022-08-17 02:01:54.380088
1039,1039.jpg,2022-08-17 02:01:54.413564
1040,1040.jpg,2022-08-17 02:01:54.446767
1041,1041.jpg,2022-08-17 02:01:54.484549
1042,1042.jpg,2022-08-17 02:01:54.513101
1043,1043.jpg,2022-08-17 02:01:54.547304
1044,1044.jpg,2022-08-17 02:01:54.579605
1045,1045.jpg,2022-08-17 02:01:54.613932
1046,1046.jpg,2022-08-17 02:01:54.650183
1047,1047.jpg,2022-08-17 02:01:54.679507
1048,1048.jpg,2022-08-17 02:01:54.713158
1049,1049.jpg,2022-08-17 02:01:54.775175
1050,1050.jpg,2022-08-17 02:01:54.784494
1051,1051.jpg,2022-08-17 02:01:54.819456
1052,1052.jpg,2022-08-17 02:01:54.846886
1053,1053.jpg,2022-08-17 02:01:54.880183
1054,1054.jpg,2022-08-17 02:01:54.913851
1055,1055.jpg,2022-08-17 02:01:54.947771
1056,1056.jpg,2022-08-17 02:01:54.983896
1057,1057.jpg,2022-08-17 02:01:55.013004
1058,1058.jpg,2022-08-17 02:01:55.046531
1059,1059.jpg,2022-08-17 02:01:55.079905
1060,1060.jpg,2022-08-17 02:01:55.117448
1061,1061.jpg,2022-08-17 02:01:55.150887
1062,1062.jpg,2022-08-17 02:01:55.181379
1063,1063.jpg,2022-08-17 02:01:55.217773
1064,1064.jpg,2022-08-17 02:01:55.251084
1065,1065.jpg,2022-08-17 02:01:55.280255
1066,1066.jpg,2022-08-17 02:01:55.326142
1067,1067.jpg,2022-08-17 02:01:55.350457
1068,1068.jpg,2022-08-17 02:01:55.380385
1069,1069.jpg,2022-08-17 02:01:55.413808
1070,1070.jpg,2022-08-17 02:01:55.457344
1071,1071.jpg,2022-08-17 02:01:55.484602
1072,1072.jpg,2022-08-17 02:01:55.517017
1073,1073.jpg,2022-08-17 02:01:55.546566
1074,1074.jpg,2022-08-17 02:01:55.579562
1075,1075.jpg,2022-08-17 02:01:55.615893
1076,1076.jpg,2022-08-17 02:01:55.650453
1077,1077.jpg,2022-08-17 02:01:55.679949
1078,1078.jpg,2022-08-17 02:01:55.712817
1079,1079.jpg,2022-08-17 02:01:55.751865
1080,1080.jpg,2022-08-17 02:01:55.784662
1081,1081.jpg,2022-08-17 02:01:55.820727
1082,1082.jpg,2022-08-17 02:01:55.848918
1083,1083.jpg,2022-08-17 02:01:55.879773
1084,1084.jpg,2022-08-17 02:01:55.928575
1085,1085.jpg,2022-08-17 02:01:55.957125
1086,1086.jpg,2022-08-17 02:01:55.983997
1087,1087.jpg,2022-08-17 02:01:56.014266
1088,1088.jpg,2022-08-17 02:01:56.046772
1089,1089.jpg,2022-08-17 02:01:56.080648
1090,1090.jpg,2022-08-17 02:01:56.113313
1091,1091.jpg,2022-08-17 02:01:56.148824
1092,1092.jpg,2022-08-17 02:01:56.179584
1093,1093.jpg,2022-08-17 02:01:56.213514
1094,1094.jpg,2022-08-17 02:01:56.246128
1095,1095.jpg,2022-08-17 02:01:56.280306
1096,1096.jpg,2022-08-17 02:01:56.316409
1097,1097.jpg,2022-08-17 02:01:56.348059
1098,1098.jpg,2022-08-17 02:01:56.380545
1099,1099.jpg,2022-08-17 02:01:56.413873
1100,1100.jpg,2022-08-17 02:01:56.447955
1101,1101.jpg,2022-08-17 02:01:56.484535
1102,1102.jpg,2022-08-17 02:01:56.528052
1103,1103.jpg,2022-08-17 02:01:56.550218
1104,1104.jpg,2022-08-17 02:01:56.581138
1105,1105.jpg,2022-08-17 02:01:56.615625
1106,1106.jpg,2022-08-17 02:01:56.650823
1107,1107.jpg,2022-08-17 02:01:56.681307
1108,1108.jpg,2022-08-17 02:01:56.714811
1109,1109.jpg,2022-08-17 02:01:56.747305
1110,1110.jpg,2022-08-17 02:01:56.781056
1111,1111.jpg,2022-08-17 02:01:56.815938
1112,1112.jpg,2022-08-17 02:01:56.852327
1113,1113.jpg,2022-08-17 02:01:56.885452
1114,1114.jpg,2022-08-17 02:01:56.919303
1115,1115.jpg,2022-08-17 02:01:56.952553
1116,1116.jpg,2022-08-17 02:01:56.984639
1117,1117.jpg,2022-08-17 02:01:57.017148
1118,1118.jpg,2022-08-17 02:01:57.050833
1119,1119.jpg,2022-08-17 02:01:57.083303
1120,1120.jpg,2022-08-17 02:01:57.117727
1121,1121.jpg,2022-08-17 02:01:57.152066
1122,1122.jpg,2022-08-17 02:01:57.183131
1123,1123.jpg,2022-08-17 02:01:57.217556
1124,1124.jpg,2022-08-17 02:01:57.250073
1125,1125.jpg,2022-08-17 02:01:57.290325
1126,1126.jpg,2022-08-17 02:01:57.325147
1127,1127.jpg,2022-08-17 02:01:57.356055
1128,1128.jpg,2022-08-17 02:01:57.393877
1129,1129.jpg,2022-08-17 02:01:57.427549
1130,1130.jpg,2022-08-17 02:01:57.458176
1131,1131.jpg,2022-08-17 02:01:57.485310
1132,1132.jpg,2022-08-17 02:01:57.515818
1133,1133.jpg,2022-08-17 02:01:57.549473
1134,1134.jpg,2022-08-17 02:01:57.583250
1135,1135.jpg,2022-08-17 02:01:57.618585
1136,1136.jpg,2022-08-17 02:01:57.654401
1137,1137.jpg,2022-08-17 02:01:57.702026
1138,1138.jpg,2022-08-17 02:01:57.718818
1139,1139.jpg,2022-08-17 02:01:57.749115
1140,1140.jpg,2022-08-17 02:01:57.783615
1141,1141.jpg,2022-08-17 02:01:57.819407
1142,1142.jpg,2022-08-17 02:01:57.849707
1143,1143.jpg,2022-08-17 02:01:57.882161
1144,1144.jpg,2022-08-17 02:01:57.916529
1145,1145.jpg,2022-08-17 02:01:57.949767
1146,1146.jpg,2022-08-17 02:01:57.984507
1147,1147.jpg,2022-08-17 02:01:58.015911
1148,1148.jpg,2022-08-17 02:01:58.048380
1149,1149.jpg,2022-08-17 02:01:58.082814
1150,1150.jpg,2022-08-17 02:01:58.116845
1151,1151.jpg,2022-08-17 02:01:58.155578
1152,1152.jpg,2022-08-17 02:01:58.191491
1153,1153.jpg,2022-08-17 02:01:58.236375
1154,1154.jpg,2022-08-17 02:01:58.259220
1155,1155.jpg,2022-08-17 02:01:58.284323
1156,1156.jpg,2022-08-17 02:01:58.321660
1157,1157.jpg,2022-08-17 02:01:58.350488
1158,1158.jpg,2022-08-17 02:01:58.384603
1159,1159.jpg,2022-08-17 02:01:58.418471
1160,1160.jpg,2022-08-17 02:01:58.450390
1161,1161.jpg,2022-08-17 02:01:58.486594
1162,1162.jpg,2022-08-17 02:01:58.517512
1163,1163.jpg,2022-08-17 02:01:58.550561
1164,1164.jpg,2022-08-17 02:01:58.583879
1165,1165.jpg,2022-08-17 02:01:58.619081
1166,1166.jpg,2022-08-17 02:01:58.652944
1167,1167.jpg,2022-08-17 02:01:58.684384
1168,1168.jpg,2022-08-17 02:01:58.717068
1169,1169.jpg,2022-08-17 02:01:58.750588
1170,1170.jpg,2022-08-17 02:01:58.786131
1171,1171.jpg,2022-08-17 02:01:58.821326
1172,1172.jpg,2022-08-17 02:01:58.850828
1173,1173.jpg,2022-08-17 02:01:58.884439
1174,1174.jpg,2022-08-17 02:01:58.917139
1175,1175.jpg,2022-08-17 02:01:58.951301
1176,1176.jpg,2022-08-17 02:01:59.001624
1177,1177.jpg,2022-08-17 02:01:59.032036
1178,1178.jpg,2022-08-17 02:01:59.061992
1179,1179.jpg,2022-08-17 02:01:59.083349
1180,1180.jpg,2022-08-17 02:01:59.116374
1181,1181.jpg,2022-08-17 02:01:59.151792
1182,1182.jpg,2022-08-17 02:01:59.183061
1183,1183.jpg,2022-08-17 02:01:59.218968
1184,1184.jpg,2022-08-17 02:01:59.248894
1185,1185.jpg,2022-08-17 02:01:59.283344
1186,1186.jpg,2022-08-17 02:01:59.318536
1187,1187.jpg,2022-08-17 02:01:59.349087
1188,1188.jpg,2022-08-17 02:01:59.384493
1189,1189.jpg,2022-08-17 02:01:59.419275
1190,1190.jpg,2022-08-17 02:01:59.450589
1191,1191.jpg,2022-08-17 02:01:59.488072
1192,1192.jpg,2022-08-17 02:01:59.518471
1193,1193.jpg,2022-08-17 02:01:59.550607
1194,1194.jpg,2022-08-17 02:01:59.585289
1195,1195.jpg,2022-08-17 02:01:59.619213
1196,1196.jpg,2022-08-17 02:01:59.651503
1197,1197.jpg,2022-08-17 02:01:59.682792
1198,1198.jpg,2022-08-17 02:01:59.716754
1199,1199.jpg,2022-08-17 02:01:59.749681
1200,1200.jpg,2022-08-17 02:01:59.786519
1201,1201.jpg,2022-08-17 02:01:59.817913
1202,1202.jpg,2022-08-17 02:01:59.849403
1203,1203.jpg,2022-08-17 02:01:59.883962
1204,1204.jpg,2022-08-17 02:01:59.916556
1205,1205.jpg,2022-08-17 02:01:59.950545
1206,1206.jpg,2022-08-17 02:01:59.992429
1207,1207.jpg,2022-08-17 02:02:00.031774
1208,1208.jpg,2022-08-17 02:02:00.050340
1209,1209.jpg,2022-08-17 02:02:00.083673
1210,1210.jpg,2022-08-17 02:02:00.116724
1211,1211.jpg,2022-08-17 02:02:00.152371
1212,1212.jpg,2022-08-17 02:02:00.185919
1213,1213.jpg,2022-08-17 02:02:00.217265
1214,1214.jpg,2022-08-17 02:02:00.253891
1215,1215.jpg,2022-08-17 02:02:00.292628
1216,1216.jpg,2022-08-17 02:02:00.320160
1217,1217.jpg,2022-08-17 02:02:00.350655
1218,1218.jpg,2022-08-17 02:02:00.385171
1219,1219.jpg,2022-08-17 02:02:00.417697
1220,1220.jpg,2022-08-17 02:02:00.463378
1221,1221.jpg,2022-08-17 02:02:00.496933
1222,1222.jpg,2022-08-17 02:02:00.538557
1223,1223.jpg,2022-08-17 02:02:00.575250
1224,1224.jpg,2022-08-17 02:02:00.600768
1225,1225.jpg,2022-08-17 02:02:00.621358
1226,1226.jpg,2022-08-17 02:02:00.654516
1227,1227.jpg,2022-08-17 02:02:00.685077
1228,1228.jpg,2022-08-17 02:02:00.717944
1229,1229.jpg,2022-08-17 02:02:00.750984
1230,1230.jpg,2022-08-17 02:02:00.785086
1231,1231.jpg,2022-08-17 02:02:00.819000
1232,1232.jpg,2022-08-17 02:02:00.850081
1233,1233.jpg,2022-08-17 02:02:00.883338
1234,1234.jpg,2022-08-17 02:02:00.916765
1235,1235.jpg,2022-08-17 02:02:00.950521
1236,1236.jpg,2022-08-17 02:02:00.984795
1237,1237.jpg,2022-08-17 02:02:01.016262
1238,1238.jpg,2022-08-17 02:02:01.049299
1239,1239.jpg,2022-08-17 02:02:01.086999
1240,1240.jpg,2022-08-17 02:02:01.117011
1241,1241.jpg,2022-08-17 02:02:01.156616
1242,1242.jpg,2022-08-17 02:02:01.184415
1243,1243.jpg,2022-08-17 02:02:01.217424
1244,1244.jpg,2022-08-17 02:02:01.251684
1245,1245.jpg,2022-08-17 02:02:01.286560
1246,1246.jpg,2022-08-17 02:02:01.327283
1247,1247.jpg,2022-08-17 02:02:01.360086
1248,1248.jpg,2022-08-17 02:02:01.387816
1249,1249.jpg,2022-08-17 02:02:01.415716
1250,1250.jpg,2022-08-17 02:02:01.450951
1251,1251.jpg,2022-08-17 02:02:01.487883
1252,1252.jpg,2022-08-17 02:02:01.519256
1253,1253.jpg,2022-08-17 02:02:01.548712
1254,1254.jpg,2022-08-17 02:02:01.582666
1255,1255.jpg,2022-08-17 02:02:01.617623
1256,1256.jpg,2022-08-17 02:02:01.651516
1257,1257.jpg,2022-08-17 02:02:01.682710
1258,1258.jpg,2022-08-17 02:02:01.716662
1259,1259.jpg,2022-08-17 02:02:01.751322
1260,1260.jpg,2022-08-17 02:02:01.785156
1261,1261.jpg,2022-08-17 02:02:01.820241
1262,1262.jpg,2022-08-17 02:02:01.851143
1263,1263.jpg,2022-08-17 02:02:01.883825
1264,1264.jpg,2022-08-17 02:02:01.916784
1265,1265.jpg,2022-08-17 02:02:01.952500
1266,1266.jpg,2022-08-17 02:02:01.986089
1267,1267.jpg,2022-08-17 02:02:02.016897
1268,1268.jpg,2022-08-17 02:02:02.049149
1269,1269.jpg,2022-08-17 02:02:02.082615
1270,1270.jpg,2022-08-17 02:02:02.124430
1271,1271.jpg,2022-08-17 02:02:02.159849
1272,1272.jpg,2022-08-17 02:02:02.189976
1273,1273.jpg,2022-08-17 02:02:02.216889
1274,1274.jpg,2022-08-17 02:02:02.249309
1275,1275.jpg,2022-08-17 02:02:02.284426
1276,1276.jpg,2022-08-17 02:02:02.319815
1277,1277.jpg,2022-08-17 02:02:02.414210
1278,1278.jpg,2022-08-17 02:02:02.424694
1279,1279.jpg,2022-08-17 02:02:02.452202
1280,1280.jpg,2022-08-17 02:02:02.458594
1281,1281.jpg,2022-08-17 02:02:02.486225
1282,1282.jpg,2022-08-17 02:02:02.517096
1283,1283.jpg,2022-08-17 02:02:02.550022
1284,1284.jpg,2022-08-17 02:02:02.582938
1285,1285.jpg,2022-08-17 02:02:02.617059
1286,1286.jpg,2022-08-17 02:02:02.652107
1287,1287.jpg,2022-08-17 02:02:02.683556
1288,1288.jpg,2022-08-17 02:02:02.721068
1289,1289.jpg,2022-08-17 02:02:02.749692
1290,1290.jpg,2022-08-17 02:02:02.783176
1291,1291.jpg,2022-08-17 02:02:02.818276
1292,1292.jpg,2022-08-17 02:02:02.849682
1293,1293.jpg,2022-08-17 02:02:02.883043
1294,1294.jpg,2022-08-17 02:02:02.975218
1295,1295.jpg,2022-08-17 02:02:02.985682
1296,1296.jpg,2022-08-17 02:02:03.006854
1297,1297.jpg,2022-08-17 02:02:03.021650
1298,1298.jpg,2022-08-17 02:02:03.052510
1299,1299.jpg,2022-08-17 02:02:03.085945
1300,1300.jpg,2022-08-17 02:02:03.118100
1301,1301.jpg,2022-08-17 02:02:03.153458
1302,1302.jpg,2022-08-17 02:02:03.185724
1303,1303.jpg,2022-08-17 02:02:03.218888
1304,1304.jpg,2022-08-17 02:02:03.251571
1305,1305.jpg,2022-08-17 02:02:03.286922
1306,1306.jpg,2022-08-17 02:02:03.320995
1307,1307.jpg,2022-08-17 02:02:03.351758
1308,1308.jpg,2022-08-17 02:02:03.386721
1309,1309.jpg,2022-08-17 02:02:03.418235
1310,1310.jpg,2022-08-17 02:02:03.451298
1311,1311.jpg,2022-08-17 02:02:03.488970
1312,1312.jpg,2022-08-17 02:02:03.520762
1313,1313.jpg,2022-08-17 02:02:03.554603
1314,1314.jpg,2022-08-17 02:02:03.585936
1315,1315.jpg,2022-08-17 02:02:03.620573
1316,1316.jpg,2022-08-17 02:02:03.654007
1317,1317.jpg,2022-08-17 02:02:03.685038
1318,1318.jpg,2022-08-17 02:02:03.718246
1319,1319.jpg,2022-08-17 02:02:03.750072
1320,1320.jpg,2022-08-17 02:02:03.783767
1321,1321.jpg,2022-08-17 02:02:03.818901
1322,1322.jpg,2022-08-17 02:02:03.850106
1323,1323.jpg,2022-08-17 02:02:03.884745
1324,1324.jpg,2022-08-17 02:02:03.917146
1325,1325.jpg,2022-08-17 02:02:03.950903
1326,1326.jpg,2022-08-17 02:02:03.987858
1327,1327.jpg,2022-08-17 02:02:04.018739
1328,1328.jpg,2022-08-17 02:02:04.050576
1329,1329.jpg,2022-08-17 02:02:04.087342
1330,1330.jpg,2022-08-17 02:02:04.121533
1331,1331.jpg,2022-08-17 02:02:04.155091
1332,1332.jpg,2022-08-17 02:02:04.186292
1333,1333.jpg,2022-08-17 02:02:04.218762
1334,1334.jpg,2022-08-17 02:02:04.252500
1335,1335.jpg,2022-08-17 02:02:04.287934
1336,1336.jpg,2022-08-17 02:02:04.319294
1337,1337.jpg,2022-08-17 02:02:04.349712
1338,1338.jpg,2022-08-17 02:02:04.383534
1339,1339.jpg,2022-08-17 02:02:04.417087
1340,1340.jpg,2022-08-17 02:02:04.451059
1341,1341.jpg,2022-08-17 02:02:04.485479
1342,1342.jpg,2022-08-17 02:02:04.516418
1343,1343.jpg,2022-08-17 02:02:04.549809
1344,1344.jpg,2022-08-17 02:02:04.583702
1345,1345.jpg,2022-08-17 02:02:04.617757
1346,1346.jpg,2022-08-17 02:02:04.655569
1347,1347.jpg,2022-08-17 02:02:04.686763
1348,1348.jpg,2022-08-17 02:02:04.718729
1349,1349.jpg,2022-08-17 02:02:04.753458
1350,1350.jpg,2022-08-17 02:02:04.785851
1351,1351.jpg,2022-08-17 02:02:04.821259
1352,1352.jpg,2022-08-17 02:02:04.853279
1353,1353.jpg,2022-08-17 02:02:04.884348
1354,1354.jpg,2022-08-17 02:02:04.918029
1355,1355.jpg,2022-08-17 02:02:04.952227
1356,1356.jpg,2022-08-17 02:02:04.987303
1357,1357.jpg,2022-08-17 02:02:05.019372
1358,1358.jpg,2022-08-17 02:02:05.053164
1359,1359.jpg,2022-08-17 02:02:05.086801
1360,1360.jpg,2022-08-17 02:02:05.127653
1361,1361.jpg,2022-08-17 02:02:05.164500
1362,1362.jpg,2022-08-17 02:02:05.196347
1363,1363.jpg,2022-08-17 02:02:05.224100
1364,1364.jpg,2022-08-17 02:02:05.271478
1365,1365.jpg,2022-08-17 02:02:05.297950
1366,1366.jpg,2022-08-17 02:02:05.324668
1367,1367.jpg,2022-08-17 02:02:05.353311
1368,1368.jpg,2022-08-17 02:02:05.386388
1369,1369.jpg,2022-08-17 02:02:05.417305
1370,1370.jpg,2022-08-17 02:02:05.466496
1371,1371.jpg,2022-08-17 02:02:05.486878
1372,1372.jpg,2022-08-17 02:02:05.519264
1373,1373.jpg,2022-08-17 02:02:05.549718
1374,1374.jpg,2022-08-17 02:02:05.583364
1375,1375.jpg,2022-08-17 02:02:05.617840
1376,1376.jpg,2022-08-17 02:02:05.652527
1377,1377.jpg,2022-08-17 02:02:05.683649
1378,1378.jpg,2022-08-17 02:02:05.717434
1379,1379.jpg,2022-08-17 02:02:05.749698
1380,1380.jpg,2022-08-17 02:02:05.783738
1381,1381.jpg,2022-08-17 02:02:05.830259
1382,1382.jpg,2022-08-17 02:02:05.887812
1383,1383.jpg,2022-08-17 02:02:05.894977
1384,1384.jpg,2022-08-17 02:02:05.918675
1385,1385.jpg,2022-08-17 02:02:05.950727
1386,1386.jpg,2022-08-17 02:02:05.986591
1387,1387.jpg,2022-08-17 02:02:06.018703
1388,1388.jpg,2022-08-17 02:02:06.050203
1389,1389.jpg,2022-08-17 02:02:06.083325
1390,1390.jpg,2022-08-17 02:02:06.116890
1391,1391.jpg,2022-08-17 02:02:06.151882
1392,1392.jpg,2022-08-17 02:02:06.185186
1393,1393.jpg,2022-08-17 02:02:06.217123
1394,1394.jpg,2022-08-17 02:02:06.250824
1395,1395.jpg,2022-08-17 02:02:06.284934
1396,1396.jpg,2022-08-17 02:02:06.319463
1397,1397.jpg,2022-08-17 02:02:06.351152
1398,1398.jpg,2022-08-17 02:02:06.405293
1399,1399.jpg,2022-08-17 02:02:06.431078
1400,1400.jpg,2022-08-17 02:02:06.452210
1401,1401.jpg,2022-08-17 02:02:06.487627
1402,1402.jpg,2022-08-17 02:02:06.517587
1403,1403.jpg,2022-08-17 02:02:06.550930
1404,1404.jpg,2022-08-17 02:02:06.585227
1405,1405.jpg,2022-08-17 02:02:06.619429
1406,1406.jpg,2022-08-17 02:02:06.666658
1407,1407.jpg,2022-08-17 02:02:06.696123
1408,1408.jpg,2022-08-17 02:02:06.725520
1409,1409.jpg,2022-08-17 02:02:06.751947
1410,1410.jpg,2022-08-17 02:02:06.784139
1411,1411.jpg,2022-08-17 02:02:06.820149
1412,1412.jpg,2022-08-17 02:02:06.851994
1413,1413.jpg,2022-08-17 02:02:06.884866
1414,1414.jpg,2022-08-17 02:02:06.918373
1415,1415.jpg,2022-08-17 02:02:06.954709
1416,1416.jpg,2022-08-17 02:02:06.997711
1417,1417.jpg,2022-08-17 02:02:07.029598
1418,1418.jpg,2022-08-17 02:02:07.054253
1419,1419.jpg,2022-08-17 02:02:07.086015
1420,1420.jpg,2022-08-17 02:02:07.119119
1421,1421.jpg,2022-08-17 02:02:07.153997
1422,1422.jpg,2022-08-17 02:02:07.184310
1423,1423.jpg,2022-08-17 02:02:07.217518
1424,1424.jpg,2022-08-17 02:02:07.251498
1425,1425.jpg,2022-08-17 02:02:07.286115
1426,1426.jpg,2022-08-17 02:02:07.319783
1427,1427.jpg,2022-08-17 02:02:07.351372
1428,1428.jpg,2022-08-17 02:02:07.383925
1429,1429.jpg,2022-08-17 02:02:07.418143
1430,1430.jpg,2022-08-17 02:02:07.451453
1431,1431.jpg,2022-08-17 02:02:07.487084
1432,1432.jpg,2022-08-17 02:02:07.517264
1433,1433.jpg,2022-08-17 02:02:07.567046
1434,1434.jpg,2022-08-17 02:02:07.594919
1435,1435.jpg,2022-08-17 02:02:07.622605
1436,1436.jpg,2022-08-17 02:02:07.654332
1437,1437.jpg,2022-08-17 02:02:07.684515
1438,1438.jpg,2022-08-17 02:02:07.717892
1439,1439.jpg,2022-08-17 02:02:07.751223
1440,1440.jpg,2022-08-17 02:02:07.784638
1441,1441.jpg,2022-08-17 02:02:07.820081
1442,1442.jpg,2022-08-17 02:02:07.849423
1443,1443.jpg,2022-08-17 02:02:07.883145
1444,1444.jpg,2022-08-17 02:02:07.916614
1445,1445.jpg,2022-08-17 02:02:07.950845
1446,1446.jpg,2022-08-17 02:02:07.986122
1447,1447.jpg,2022-08-17 02:02:08.017273
1448,1448.jpg,2022-08-17 02:02:08.049648
1449,1449.jpg,2022-08-17 02:02:08.083912
1450,1450.jpg,2022-08-17 02:02:08.143408
1451,1451.jpg,2022-08-17 02:02:08.172219
1452,1452.jpg,2022-08-17 02:02:08.196167
1453,1453.jpg,2022-08-17 02:02:08.230213
1454,1454.jpg,2022-08-17 02:02:08.253416
1455,1455.jpg,2022-08-17 02:02:08.285862
1456,1456.jpg,2022-08-17 02:02:08.321119
1457,1457.jpg,2022-08-17 02:02:08.351077
1458,1458.jpg,2022-08-17 02:02:08.384070
1459,1459.jpg,2022-08-17 02:02:08.416838
1460,1460.jpg,2022-08-17 02:02:08.449205
1461,1461.jpg,2022-08-17 02:02:08.484865
1462,1462.jpg,2022-08-17 02:02:08.516255
1463,1463.jpg,2022-08-17 02:02:08.549178
1464,1464.jpg,2022-08-17 02:02:08.583460
1465,1465.jpg,2022-08-17 02:02:08.616763
1466,1466.jpg,2022-08-17 02:02:08.650949
1467,1467.jpg,2022-08-17 02:02:08.684055
1468,1468.jpg,2022-08-17 02:02:08.732304
1469,1469.jpg,2022-08-17 02:02:08.753876
1470,1470.jpg,2022-08-17 02:02:08.785367
1471,1471.jpg,2022-08-17 02:02:08.818911
1472,1472.jpg,2022-08-17 02:02:08.849990
1473,1473.jpg,2022-08-17 02:02:08.883142
1474,1474.jpg,2022-08-17 02:02:08.917472
1475,1475.jpg,2022-08-17 02:02:08.949835
1476,1476.jpg,2022-08-17 02:02:08.984720
1477,1477.jpg,2022-08-17 02:02:09.016089
1478,1478.jpg,2022-08-17 02:02:09.049135
1479,1479.jpg,2022-08-17 02:02:09.082444
1480,1480.jpg,2022-08-17 02:02:09.116004
1481,1481.jpg,2022-08-17 02:02:09.150250
1482,1482.jpg,2022-08-17 02:02:09.183325
1483,1483.jpg,2022-08-17 02:02:09.217010
1484,1484.jpg,2022-08-17 02:02:09.248756
1485,1485.jpg,2022-08-17 02:02:09.284583
1486,1486.jpg,2022-08-17 02:02:09.321798
1487,1487.jpg,2022-08-17 02:02:09.363382
1488,1488.jpg,2022-08-17 02:02:09.385374
1489,1489.jpg,2022-08-17 02:02:09.416870
1490,1490.jpg,2022-08-17 02:02:09.448995
1491,1491.jpg,2022-08-17 02:02:09.486156
1492,1492.jpg,2022-08-17 02:02:09.516056
1493,1493.jpg,2022-08-17 02:02:09.548985
1494,1494.jpg,2022-08-17 02:02:09.583080
1495,1495.jpg,2022-08-17 02:02:09.617501
1496,1496.jpg,2022-08-17 02:02:09.651502
1497,1497.jpg,2022-08-17 02:02:09.683753
1498,1498.jpg,2022-08-17 02:02:09.716867
1499,1499.jpg,2022-08-17 02:02:09.748848
1500,1500.jpg,2022-08-17 02:02:09.782076
1501,1501.jpg,2022-08-17 02:02:09.817855
1502,1502.jpg,2022-08-17 02:02:09.854898
1503,1503.jpg,2022-08-17 02:02:09.884082
1504,1504.jpg,2022-08-17 02:02:09.921659
1505,1505.jpg,2022-08-17 02:02:09.951930
1506,1506.jpg,2022-08-17 02:02:09.985159
1507,1507.jpg,2022-08-17 02:02:10.015939
1508,1508.jpg,2022-08-17 02:02:10.050173
1509,1509.jpg,2022-08-17 02:02:10.082324
1510,1510.jpg,2022-08-17 02:02:10.116047
1511,1511.jpg,2022-08-17 02:02:10.151446
1512,1512.jpg,2022-08-17 02:02:10.182205
1513,1513.jpg,2022-08-17 02:02:10.215494
1514,1514.jpg,2022-08-17 02:02:10.249167
1515,1515.jpg,2022-08-17 02:02:10.284488
1516,1516.jpg,2022-08-17 02:02:10.318086
1517,1517.jpg,2022-08-17 02:02:10.348827
1518,1518.jpg,2022-08-17 02:02:10.382746
1519,1519.jpg,2022-08-17 02:02:10.417214
1520,1520.jpg,2022-08-17 02:02:10.504630
1521,1521.jpg,2022-08-17 02:02:10.512828
1522,1522.jpg,2022-08-17 02:02:10.549114
1523,1523.jpg,2022-08-17 02:02:10.556483
1524,1524.jpg,2022-08-17 02:02:10.585405
1525,1525.jpg,2022-08-17 02:02:10.618573
1526,1526.jpg,2022-08-17 02:02:10.651988
1527,1527.jpg,2022-08-17 02:02:10.683651
1528,1528.jpg,2022-08-17 02:02:10.715367
1529,1529.jpg,2022-08-17 02:02:10.749822
1530,1530.jpg,2022-08-17 02:02:10.783276
1531,1531.jpg,2022-08-17 02:02:10.818664
1532,1532.jpg,2022-08-17 02:02:10.848593
1533,1533.jpg,2022-08-17 02:02:10.884217
1534,1534.jpg,2022-08-17 02:02:10.917359
1535,1535.jpg,2022-08-17 02:02:10.950657
1536,1536.jpg,2022-08-17 02:02:10.985403
1537,1537.jpg,2022-08-17 02:02:11.015344
1538,1538.jpg,2022-08-17 02:02:11.051336
1539,1539.jpg,2022-08-17 02:02:11.096657
1540,1540.jpg,2022-08-17 02:02:11.141226
1541,1541.jpg,2022-08-17 02:02:11.158580
1542,1542.jpg,2022-08-17 02:02:11.185269
1543,1543.jpg,2022-08-17 02:02:11.215806
1544,1544.jpg,2022-08-17 02:02:11.249052
1545,1545.jpg,2022-08-17 02:02:11.285686
1546,1546.jpg,2022-08-17 02:02:11.318550
1547,1547.jpg,2022-08-17 02:02:11.349424
1548,1548.jpg,2022-08-17 02:02:11.382277
1549,1549.jpg,2022-08-17 02:02:11.415598
1550,1550.jpg,2022-08-17 02:02:11.449689
1551,1551.jpg,2022-08-17 02:02:11.485225
1552,1552.jpg,2022-08-17 02:02:11.515766
1553,1553.jpg,2022-08-17 02:02:11.548790
1554,1554.jpg,2022-08-17 02:02:11.586503
1555,1555.jpg,2022-08-17 02:02:11.621186
1556,1556.jpg,2022-08-17 02:02:11.653490
1557,1557.jpg,2022-08-17 02:02:11.686364
1558,1558.jpg,2022-08-17 02:02:11.723416
1559,1559.jpg,2022-08-17 02:02:11.750872
1560,1560.jpg,2022-08-17 02:02:11.783139
1561,1561.jpg,2022-08-17 02:02:11.818819
1562,1562.jpg,2022-08-17 02:02:11.851323
1563,1563.jpg,2022-08-17 02:02:11.883134
1564,1564.jpg,2022-08-17 02:02:11.915895
1565,1565.jpg,2022-08-17 02:02:11.950037
1566,1566.jpg,2022-08-17 02:02:11.985248
1567,1567.jpg,2022-08-17 02:02:12.017503
1568,1568.jpg,2022-08-17 02:02:12.049777
1569,1569.jpg,2022-08-17 02:02:12.084792
1570,1570.jpg,2022-08-17 02:02:12.117540
1571,1571.jpg,2022-08-17 02:02:12.152443
1572,1572.jpg,2022-08-17 02:02:12.187269
1573,1573.jpg,2022-08-17 02:02:12.218345
1574,1574.jpg,2022-08-17 02:02:12.253961
1575,1575.jpg,2022-08-17 02:02:12.299475
1576,1576.jpg,2022-08-17 02:02:12.322418
1577,1577.jpg,2022-08-17 02:02:12.351269
1578,1578.jpg,2022-08-17 02:02:12.384590
1579,1579.jpg,2022-08-17 02:02:12.419052
1580,1580.jpg,2022-08-17 02:02:12.602039
1581,1581.jpg,2022-08-17 02:02:12.612488
1582,1582.jpg,2022-08-17 02:02:12.622285
1583,1583.jpg,2022-08-17 02:02:12.631751
1584,1584.jpg,2022-08-17 02:02:12.659490
1585,1585.jpg,2022-08-17 02:02:12.666668
1586,1586.jpg,2022-08-17 02:02:12.686561
1587,1587.jpg,2022-08-17 02:02:12.691756
1588,1588.jpg,2022-08-17 02:02:12.715933
1589,1589.jpg,2022-08-17 02:02:12.748919
1590,1590.jpg,2022-08-17 02:02:12.781862
1591,1591.jpg,2022-08-17 02:02:12.830412
1592,1592.jpg,2022-08-17 02:02:12.860345
1593,1593.jpg,2022-08-17 02:02:12.885208
1594,1594.jpg,2022-08-17 02:02:12.917053
