timeStamp,IR1,IR2,ACTION
17/08/2022 01:49:07,1,1,FORWARD
17/08/2022 01:49:07,1,1,FORWARD
17/08/2022 01:49:07,1,1,FORWARD
17/08/2022 01:49:07,1,1,FORWARD
17/08/2022 01:49:07,1,1,FORWARD
17/08/2022 01:49:07,1,1,FORWARD
17/08/2022 01:49:07,1,1,FORWARD
17/08/2022 01:49:07,1,1,FORWARD
17/08/2022 01:49:07,1,1,FORWARD
17/08/2022 01:49:07,1,1,FORWARD
17/08/2022 01:49:08,1,1,FORWARD
17/08/2022 01:49:08,1,1,FORWARD
17/08/2022 01:49:08,1,1,FORWARD
17/08/2022 01:49:08,1,1,FORWARD
17/08/2022 01:49:08,1,1,FORWARD
17/08/2022 01:49:08,1,1,FORWARD
17/08/2022 01:49:08,1,1,FORWARD
17/08/2022 01:49:08,1,1,FORWARD
17/08/2022 01:49:08,1,1,FORWARD
17/08/2022 01:49:08,1,1,FORWARD
17/08/2022 01:49:08,1,1,FORWARD
17/08/2022 01:49:08,1,1,FORWARD
17/08/2022 01:49:08,0,1,LEFT
17/08/2022 01:49:08,1,1,FORWARD
17/08/2022 01:49:08,1,1,FORWARD
17/08/2022 01:49:08,1,1,FORWARD
17/08/2022 01:49:08,1,1,FORWARD
17/08/2022 01:49:08,1,1,FORWARD
17/08/2022 01:49:09,1,1,FORWARD
17/08/2022 01:49:09,1,1,FORWARD
17/08/2022 01:49:09,1,1,FORWARD
17/08/2022 01:49:09,1,0,RIGHT
17/08/2022 01:49:09,1,1,FORWARD
17/08/2022 01:49:09,1,1,FORWARD
17/08/2022 01:49:09,1,1,FORWARD
17/08/2022 01:49:09,1,1,FORWARD
17/08/2022 01:49:09,1,1,FORWARD
17/08/2022 01:49:09,1,1,FORWARD
17/08/2022 01:49:09,1,1,FORWARD
17/08/2022 01:49:09,1,1,FORWARD
17/08/2022 01:49:09,1,1,FORWARD
17/08/2022 01:49:09,1,1,FORWARD
17/08/2022 01:49:09,1,1,FORWARD
17/08/2022 01:49:09,1,1,FORWARD
17/08/2022 01:49:09,1,1,FORWARD
17/08/2022 01:49:09,1,1,FORWARD
17/08/2022 01:49:10,1,1,FORWARD
17/08/2022 01:49:10,1,1,FORWARD
17/08/2022 01:49:10,1,1,FORWARD
17/08/2022 01:49:10,0,1,LEFT
17/08/2022 01:49:10,1,1,FORWARD
17/08/2022 01:49:10,1,1,FORWARD
17/08/2022 01:49:10,1,1,FORWARD
17/08/2022 01:49:10,1,1,FORWARD
17/08/2022 01:49:10,1,1,FORWARD
17/08/2022 01:49:10,1,1,FORWARD
17/08/2022 01:49:10,1,1,FORWARD
17/08/2022 01:49:10,1,1,FORWARD
17/08/2022 01:49:10,1,1,FORWARD
17/08/2022 01:49:10,1,1,FORWARD
17/08/2022 01:49:10,1,0,RIGHT
17/08/2022 01:49:10,1,1,FORWARD
17/08/2022 01:49:11,1,1,FORWARD
17/08/2022 01:49:11,1,1,FORWARD
17/08/2022 01:49:11,1,1,FORWARD
17/08/2022 01:49:11,1,1,FORWARD
17/08/2022 01:49:11,1,1,FORWARD
17/08/2022 01:49:11,1,1,FORWARD
17/08/2022 01:49:11,1,1,FORWARD
17/08/2022 01:49:11,1,1,FORWARD
17/08/2022 01:49:11,1,1,FORWARD
17/08/2022 01:49:11,1,1,FORWARD
17/08/2022 01:49:11,1,1,FORWARD
17/08/2022 01:49:11,1,1,FORWARD
17/08/2022 01:49:11,1,1,FORWARD
17/08/2022 01:49:11,1,1,FORWARD
17/08/2022 01:49:11,1,1,FORWARD
17/08/2022 01:49:11,1,1,FORWARD
17/08/2022 01:49:11,1,0,RIGHT
17/08/2022 01:49:11,1,1,FORWARD
17/08/2022 01:49:12,1,1,FORWARD
17/08/2022 01:49:12,1,1,FORWARD
17/08/2022 01:49:12,1,1,FORWARD
17/08/2022 01:49:12,1,1,FORWARD
17/08/2022 01:49:12,1,1,FORWARD
17/08/2022 01:49:12,1,1,FORWARD
17/08/2022 01:49:12,1,0,RIGHT
17/08/2022 01:49:12,1,1,FORWARD
17/08/2022 01:49:12,1,1,FORWARD
17/08/2022 01:49:12,1,1,FORWARD
17/08/2022 01:49:12,1,1,FORWARD
17/08/2022 01:49:12,1,1,FORWARD
17/08/2022 01:49:12,1,1,FORWARD
17/08/2022 01:49:12,1,1,FORWARD
17/08/2022 01:49:12,1,1,FORWARD
17/08/2022 01:49:12,1,1,FORWARD
17/08/2022 01:49:12,1,1,FORWARD
17/08/2022 01:49:12,1,1,FORWARD
17/08/2022 01:49:13,1,1,FORWARD
17/08/2022 01:49:13,1,1,FORWARD
17/08/2022 01:49:13,1,0,RIGHT
17/08/2022 01:49:13,1,1,FORWARD
17/08/2022 01:49:13,1,1,FORWARD
17/08/2022 01:49:13,1,1,FORWARD
17/08/2022 01:49:13,1,1,FORWARD
17/08/2022 01:49:13,1,1,FORWARD
17/08/2022 01:49:13,1,1,FORWARD
17/08/2022 01:49:13,1,1,FORWARD
17/08/2022 01:49:13,1,1,FORWARD
17/08/2022 01:49:13,1,1,FORWARD
17/08/2022 01:49:13,1,0,RIGHT
17/08/2022 01:49:13,1,1,FORWARD
17/08/2022 01:49:13,1,1,FORWARD
17/08/2022 01:49:14,1,1,FORWARD
17/08/2022 01:49:14,1,1,FORWARD
17/08/2022 01:49:14,1,1,FORWARD
17/08/2022 01:49:14,1,1,FORWARD
17/08/2022 01:49:14,1,1,FORWARD
17/08/2022 01:49:14,1,1,FORWARD
17/08/2022 01:49:14,1,1,FORWARD
17/08/2022 01:49:14,1,1,FORWARD
17/08/2022 01:49:14,1,1,FORWARD
17/08/2022 01:49:14,1,1,FORWARD
17/08/2022 01:49:14,1,1,FORWARD
17/08/2022 01:49:14,1,1,FORWARD
17/08/2022 01:49:14,1,1,FORWARD
17/08/2022 01:49:14,1,1,FORWARD
17/08/2022 01:49:14,1,1,FORWARD
17/08/2022 01:49:14,1,1,FORWARD
17/08/2022 01:49:14,1,1,FORWARD
17/08/2022 01:49:14,1,1,FORWARD
17/08/2022 01:49:14,1,1,FORWARD
17/08/2022 01:49:14,1,1,FORWARD
17/08/2022 01:49:15,1,1,FORWARD
17/08/2022 01:49:15,1,1,FORWARD
17/08/2022 01:49:15,1,1,FORWARD
17/08/2022 01:49:15,1,1,FORWARD
17/08/2022 01:49:15,1,1,FORWARD
17/08/2022 01:49:15,1,1,FORWARD
17/08/2022 01:49:15,1,1,FORWARD
17/08/2022 01:49:15,1,1,FORWARD
17/08/2022 01:49:15,1,1,FORWARD
17/08/2022 01:49:15,1,0,RIGHT
17/08/2022 01:49:15,1,1,FORWARD
17/08/2022 01:49:15,1,1,FORWARD
17/08/2022 01:49:15,1,1,FORWARD
17/08/2022 01:49:15,1,1,FORWARD
17/08/2022 01:49:15,1,1,FORWARD
17/08/2022 01:49:15,1,1,FORWARD
17/08/2022 01:49:15,1,1,FORWARD
17/08/2022 01:49:15,1,1,FORWARD
17/08/2022 01:49:16,1,1,FORWARD
17/08/2022 01:49:16,1,1,FORWARD
17/08/2022 01:49:16,1,1,FORWARD
17/08/2022 01:49:16,1,1,FORWARD
17/08/2022 01:49:16,1,0,RIGHT
17/08/2022 01:49:16,1,0,RIGHT
17/08/2022 01:49:16,1,1,FORWARD
17/08/2022 01:49:16,1,1,FORWARD
17/08/2022 01:49:16,1,1,FORWARD
17/08/2022 01:49:16,1,1,FORWARD
17/08/2022 01:49:16,1,1,FORWARD
17/08/2022 01:49:16,1,1,FORWARD
17/08/2022 01:49:16,1,1,FORWARD
17/08/2022 01:49:16,1,1,FORWARD
17/08/2022 01:49:16,1,1,FORWARD
17/08/2022 01:49:16,1,1,FORWARD
17/08/2022 01:49:17,1,1,FORWARD
17/08/2022 01:49:17,1,1,FORWARD
17/08/2022 01:49:17,1,1,FORWARD
17/08/2022 01:49:17,1,1,FORWARD
17/08/2022 01:49:17,1,1,FORWARD
17/08/2022 01:49:17,1,1,FORWARD
17/08/2022 01:49:17,1,0,RIGHT
17/08/2022 01:49:17,1,0,RIGHT
17/08/2022 01:49:17,1,1,FORWARD
17/08/2022 01:49:17,1,1,FORWARD
17/08/2022 01:49:17,0,1,LEFT
17/08/2022 01:49:17,1,1,FORWARD
17/08/2022 01:49:17,1,1,FORWARD
17/08/2022 01:49:17,1,1,FORWARD
17/08/2022 01:49:18,1,1,FORWARD
17/08/2022 01:49:18,1,1,FORWARD
17/08/2022 01:49:18,1,1,FORWARD
17/08/2022 01:49:18,1,1,FORWARD
17/08/2022 01:49:18,1,1,FORWARD
17/08/2022 01:49:18,1,1,FORWARD
17/08/2022 01:49:18,1,1,FORWARD
17/08/2022 01:49:18,1,1,FORWARD
17/08/2022 01:49:18,1,1,FORWARD
17/08/2022 01:49:18,1,1,FORWARD
17/08/2022 01:49:18,1,1,FORWARD
17/08/2022 01:49:18,1,1,FORWARD
17/08/2022 01:49:18,1,1,FORWARD
17/08/2022 01:49:18,1,1,FORWARD
17/08/2022 01:49:18,1,1,FORWARD
17/08/2022 01:49:18,1,1,FORWARD
17/08/2022 01:49:18,1,1,FORWARD
17/08/2022 01:49:18,1,1,FORWARD
17/08/2022 01:49:18,1,1,FORWARD
17/08/2022 01:49:18,1,1,FORWARD
17/08/2022 01:49:19,1,1,FORWARD
17/08/2022 01:49:19,1,1,FORWARD
17/08/2022 01:49:19,1,1,FORWARD
17/08/2022 01:49:19,0,1,LEFT
17/08/2022 01:49:19,1,1,FORWARD
17/08/2022 01:49:19,1,1,FORWARD
17/08/2022 01:49:19,1,1,FORWARD
17/08/2022 01:49:19,1,1,FORWARD
17/08/2022 01:49:19,1,1,FORWARD
17/08/2022 01:49:19,1,1,FORWARD
17/08/2022 01:49:19,1,1,FORWARD
17/08/2022 01:49:19,1,1,FORWARD
17/08/2022 01:49:19,1,1,FORWARD
17/08/2022 01:49:19,1,1,FORWARD
17/08/2022 01:49:19,1,1,FORWARD
17/08/2022 01:49:19,1,1,FORWARD
17/08/2022 01:49:19,1,1,FORWARD
17/08/2022 01:49:19,1,1,FORWARD
17/08/2022 01:49:20,1,1,FORWARD
17/08/2022 01:49:20,1,1,FORWARD
17/08/2022 01:49:20,1,1,FORWARD
17/08/2022 01:49:20,1,1,FORWARD
17/08/2022 01:49:20,1,1,FORWARD
17/08/2022 01:49:20,1,1,FORWARD
17/08/2022 01:49:20,1,1,FORWARD
17/08/2022 01:49:20,1,1,FORWARD
17/08/2022 01:49:20,1,1,FORWARD
17/08/2022 01:49:20,1,1,FORWARD
17/08/2022 01:49:20,0,1,LEFT
17/08/2022 01:49:20,1,1,FORWARD
17/08/2022 01:49:20,1,1,FORWARD
17/08/2022 01:49:20,1,1,FORWARD
17/08/2022 01:49:20,1,1,FORWARD
17/08/2022 01:49:20,1,1,FORWARD
17/08/2022 01:49:20,1,1,FORWARD
17/08/2022 01:49:20,1,1,FORWARD
17/08/2022 01:49:21,1,1,FORWARD
17/08/2022 01:49:21,1,0,RIGHT
17/08/2022 01:49:21,1,1,FORWARD
17/08/2022 01:49:21,1,1,FORWARD
17/08/2022 01:49:21,1,1,FORWARD
17/08/2022 01:49:21,1,1,FORWARD
17/08/2022 01:49:21,1,1,FORWARD
17/08/2022 01:49:21,1,0,RIGHT
17/08/2022 01:49:21,1,1,FORWARD
17/08/2022 01:49:21,1,1,FORWARD
17/08/2022 01:49:21,1,1,FORWARD
17/08/2022 01:49:21,1,1,FORWARD
17/08/2022 01:49:21,1,1,FORWARD
17/08/2022 01:49:21,1,1,FORWARD
17/08/2022 01:49:21,1,1,FORWARD
17/08/2022 01:49:22,1,1,FORWARD
17/08/2022 01:49:22,1,1,FORWARD
17/08/2022 01:49:22,1,1,FORWARD
17/08/2022 01:49:22,1,1,FORWARD
17/08/2022 01:49:22,1,1,FORWARD
17/08/2022 01:49:22,1,1,FORWARD
17/08/2022 01:49:22,1,1,FORWARD
17/08/2022 01:49:22,1,1,FORWARD
17/08/2022 01:49:22,1,1,FORWARD
17/08/2022 01:49:22,1,1,FORWARD
17/08/2022 01:49:22,1,1,FORWARD
17/08/2022 01:49:22,1,1,FORWARD
17/08/2022 01:49:22,1,1,FORWARD
17/08/2022 01:49:22,1,1,FORWARD
17/08/2022 01:49:22,1,1,FORWARD
17/08/2022 01:49:22,1,1,FORWARD
17/08/2022 01:49:22,1,1,FORWARD
17/08/2022 01:49:22,1,1,FORWARD
17/08/2022 01:49:22,1,1,FORWARD
17/08/2022 01:49:22,1,1,FORWARD
17/08/2022 01:49:23,1,1,FORWARD
17/08/2022 01:49:23,1,1,FORWARD
17/08/2022 01:49:23,1,1,FORWARD
17/08/2022 01:49:23,1,1,FORWARD
17/08/2022 01:49:23,1,1,FORWARD
17/08/2022 01:49:23,1,1,FORWARD
17/08/2022 01:49:23,1,1,FORWARD
17/08/2022 01:49:23,1,1,FORWARD
17/08/2022 01:49:23,1,1,FORWARD
17/08/2022 01:49:23,1,1,FORWARD
17/08/2022 01:49:23,1,1,FORWARD
17/08/2022 01:49:23,1,1,FORWARD
17/08/2022 01:49:23,1,1,FORWARD
17/08/2022 01:49:23,1,1,FORWARD
17/08/2022 01:49:23,1,1,FORWARD
17/08/2022 01:49:23,1,1,FORWARD
17/08/2022 01:49:23,1,1,FORWARD
17/08/2022 01:49:23,0,1,LEFT
17/08/2022 01:49:24,1,1,FORWARD
17/08/2022 01:49:24,1,1,FORWARD
17/08/2022 01:49:24,1,1,FORWARD
17/08/2022 01:49:24,1,1,FORWARD
17/08/2022 01:49:24,1,1,FORWARD
17/08/2022 01:49:24,1,1,FORWARD
17/08/2022 01:49:24,1,0,RIGHT
17/08/2022 01:49:24,1,1,FORWARD
17/08/2022 01:49:24,1,1,FORWARD
17/08/2022 01:49:24,1,1,FORWARD
17/08/2022 01:49:24,1,1,FORWARD
17/08/2022 01:49:24,1,1,FORWARD
17/08/2022 01:49:24,1,1,FORWARD
17/08/2022 01:49:24,1,1,FORWARD
17/08/2022 01:49:24,1,1,FORWARD
17/08/2022 01:49:24,1,1,FORWARD
17/08/2022 01:49:24,1,1,FORWARD
17/08/2022 01:49:24,1,1,FORWARD
17/08/2022 01:49:25,1,0,RIGHT
17/08/2022 01:49:25,1,0,RIGHT
17/08/2022 01:49:25,1,1,FORWARD
17/08/2022 01:49:25,1,1,FORWARD
17/08/2022 01:49:25,0,1,LEFT
17/08/2022 01:49:25,1,1,FORWARD
17/08/2022 01:49:25,1,1,FORWARD
17/08/2022 01:49:25,1,1,FORWARD
17/08/2022 01:49:25,1,1,FORWARD
17/08/2022 01:49:25,1,1,FORWARD
17/08/2022 01:49:25,1,1,FORWARD
17/08/2022 01:49:25,1,1,FORWARD
17/08/2022 01:49:25,1,1,FORWARD
17/08/2022 01:49:25,1,1,FORWARD
17/08/2022 01:49:26,1,1,FORWARD
17/08/2022 01:49:26,1,1,FORWARD
17/08/2022 01:49:26,1,0,RIGHT
17/08/2022 01:49:26,1,1,FORWARD
17/08/2022 01:49:26,1,1,FORWARD
17/08/2022 01:49:26,1,1,FORWARD
17/08/2022 01:49:26,1,1,FORWARD
17/08/2022 01:49:26,1,1,FORWARD
17/08/2022 01:49:26,1,1,FORWARD
17/08/2022 01:49:26,1,0,RIGHT
17/08/2022 01:49:26,1,1,FORWARD
17/08/2022 01:49:26,1,1,FORWARD
17/08/2022 01:49:26,1,1,FORWARD
17/08/2022 01:49:26,1,1,FORWARD
17/08/2022 01:49:26,1,1,FORWARD
17/08/2022 01:49:26,1,1,FORWARD
17/08/2022 01:49:27,1,1,FORWARD
17/08/2022 01:49:27,1,0,RIGHT
17/08/2022 01:49:27,1,0,RIGHT
17/08/2022 01:49:27,1,1,FORWARD
17/08/2022 01:49:27,0,1,LEFT
17/08/2022 01:49:27,1,1,FORWARD
17/08/2022 01:49:27,1,1,FORWARD
17/08/2022 01:49:27,1,1,FORWARD
17/08/2022 01:49:27,1,1,FORWARD
17/08/2022 01:49:27,1,1,FORWARD
17/08/2022 01:49:27,1,1,FORWARD
17/08/2022 01:49:27,1,1,FORWARD
17/08/2022 01:49:27,1,1,FORWARD
17/08/2022 01:49:27,1,1,FORWARD
17/08/2022 01:49:28,1,1,FORWARD
17/08/2022 01:49:28,1,1,FORWARD
17/08/2022 01:49:28,1,1,FORWARD
17/08/2022 01:49:28,1,1,FORWARD
17/08/2022 01:49:28,1,1,FORWARD
17/08/2022 01:49:28,1,1,FORWARD
17/08/2022 01:49:28,1,0,RIGHT
17/08/2022 01:49:28,1,1,FORWARD
17/08/2022 01:49:28,1,1,FORWARD
17/08/2022 01:49:28,1,1,FORWARD
17/08/2022 01:49:28,1,1,FORWARD
17/08/2022 01:49:28,1,1,FORWARD
17/08/2022 01:49:28,1,1,FORWARD
17/08/2022 01:49:28,1,0,RIGHT
17/08/2022 01:49:28,1,1,FORWARD
17/08/2022 01:49:28,1,1,FORWARD
17/08/2022 01:49:29,1,1,FORWARD
17/08/2022 01:49:29,1,1,FORWARD
17/08/2022 01:49:29,1,1,FORWARD
17/08/2022 01:49:29,1,1,FORWARD
17/08/2022 01:49:29,1,1,FORWARD
17/08/2022 01:49:29,1,1,FORWARD
17/08/2022 01:49:29,1,1,FORWARD
17/08/2022 01:49:29,1,0,RIGHT
17/08/2022 01:49:29,1,1,FORWARD
17/08/2022 01:49:29,1,1,FORWARD
17/08/2022 01:49:29,1,1,FORWARD
17/08/2022 01:49:29,1,1,FORWARD
17/08/2022 01:49:29,1,1,FORWARD
17/08/2022 01:49:29,1,1,FORWARD
17/08/2022 01:49:29,1,0,RIGHT
17/08/2022 01:49:29,1,1,FORWARD
17/08/2022 01:49:30,1,1,FORWARD
17/08/2022 01:49:30,1,1,FORWARD
17/08/2022 01:49:30,1,1,FORWARD
17/08/2022 01:49:30,1,1,FORWARD
17/08/2022 01:49:30,1,1,FORWARD
17/08/2022 01:49:30,1,1,FORWARD
17/08/2022 01:49:30,1,1,FORWARD
17/08/2022 01:49:30,1,1,FORWARD
17/08/2022 01:49:30,1,1,FORWARD
17/08/2022 01:49:30,0,1,LEFT
17/08/2022 01:49:30,1,1,FORWARD
17/08/2022 01:49:30,1,1,FORWARD
17/08/2022 01:49:30,1,1,FORWARD
17/08/2022 01:49:30,1,1,FORWARD
17/08/2022 01:49:30,1,1,FORWARD
17/08/2022 01:49:30,1,1,FORWARD
17/08/2022 01:49:30,1,1,FORWARD
17/08/2022 01:49:30,1,1,FORWARD
17/08/2022 01:49:31,1,1,FORWARD
17/08/2022 01:49:31,1,1,FORWARD
17/08/2022 01:49:31,1,1,FORWARD
17/08/2022 01:49:31,1,1,FORWARD
17/08/2022 01:49:31,0,1,LEFT
17/08/2022 01:49:31,1,1,FORWARD
17/08/2022 01:49:31,1,1,FORWARD
17/08/2022 01:49:31,1,1,FORWARD
17/08/2022 01:49:31,1,1,FORWARD
17/08/2022 01:49:31,1,1,FORWARD
17/08/2022 01:49:31,1,1,FORWARD
17/08/2022 01:49:31,1,1,FORWARD
17/08/2022 01:49:31,1,1,FORWARD
17/08/2022 01:49:31,1,1,FORWARD
17/08/2022 01:49:31,1,1,FORWARD
17/08/2022 01:49:31,0,1,LEFT
17/08/2022 01:49:32,1,1,FORWARD
17/08/2022 01:49:32,1,1,FORWARD
17/08/2022 01:49:32,1,1,FORWARD
17/08/2022 01:49:32,1,1,FORWARD
17/08/2022 01:49:32,1,1,FORWARD
17/08/2022 01:49:32,1,1,FORWARD
17/08/2022 01:49:32,1,1,FORWARD
17/08/2022 01:49:32,1,1,FORWARD
17/08/2022 01:49:32,1,1,FORWARD
17/08/2022 01:49:32,0,1,LEFT
17/08/2022 01:49:32,1,1,FORWARD
17/08/2022 01:49:32,1,1,FORWARD
17/08/2022 01:49:32,1,1,FORWARD
17/08/2022 01:49:32,1,1,FORWARD
17/08/2022 01:49:32,1,1,FORWARD
17/08/2022 01:49:32,1,1,FORWARD
17/08/2022 01:49:32,1,1,FORWARD
17/08/2022 01:49:33,1,1,FORWARD
17/08/2022 01:49:33,1,1,FORWARD
17/08/2022 01:49:33,1,1,FORWARD
17/08/2022 01:49:33,1,1,FORWARD
17/08/2022 01:49:33,1,1,FORWARD
17/08/2022 01:49:33,1,1,FORWARD
17/08/2022 01:49:33,1,1,FORWARD
17/08/2022 01:49:33,1,1,FORWARD
17/08/2022 01:49:33,1,1,FORWARD
17/08/2022 01:49:33,1,1,FORWARD
17/08/2022 01:49:33,1,1,FORWARD
17/08/2022 01:49:33,1,0,RIGHT
17/08/2022 01:49:33,1,0,RIGHT
17/08/2022 01:49:33,1,1,FORWARD
17/08/2022 01:49:33,1,1,FORWARD
17/08/2022 01:49:33,1,1,FORWARD
17/08/2022 01:49:34,1,1,FORWARD
17/08/2022 01:49:34,1,1,FORWARD
17/08/2022 01:49:34,1,1,FORWARD
17/08/2022 01:49:34,1,1,FORWARD
17/08/2022 01:49:34,1,1,FORWARD
17/08/2022 01:49:34,1,1,FORWARD
17/08/2022 01:49:34,1,1,FORWARD
17/08/2022 01:49:34,1,1,FORWARD
17/08/2022 01:49:34,1,1,FORWARD
17/08/2022 01:49:34,1,0,RIGHT
17/08/2022 01:49:34,1,1,FORWARD
17/08/2022 01:49:34,1,0,RIGHT
17/08/2022 01:49:34,1,1,FORWARD
17/08/2022 01:49:34,1,1,FORWARD
17/08/2022 01:49:34,1,1,FORWARD
17/08/2022 01:49:34,1,1,FORWARD
17/08/2022 01:49:35,1,1,FORWARD
17/08/2022 01:49:35,1,1,FORWARD
17/08/2022 01:49:35,1,1,FORWARD
17/08/2022 01:49:35,1,1,FORWARD
17/08/2022 01:49:35,1,1,FORWARD
17/08/2022 01:49:35,1,1,FORWARD
17/08/2022 01:49:35,1,1,FORWARD
17/08/2022 01:49:35,1,1,FORWARD
17/08/2022 01:49:35,1,1,FORWARD
17/08/2022 01:49:35,1,1,FORWARD
17/08/2022 01:49:35,1,1,FORWARD
17/08/2022 01:49:35,1,1,FORWARD
17/08/2022 01:49:35,1,1,FORWARD
17/08/2022 01:49:35,1,1,FORWARD
17/08/2022 01:49:35,1,1,FORWARD
17/08/2022 01:49:35,1,1,FORWARD
17/08/2022 01:49:35,1,1,FORWARD
17/08/2022 01:49:35,1,1,FORWARD
17/08/2022 01:49:35,1,1,FORWARD
17/08/2022 01:49:35,1,1,FORWARD
17/08/2022 01:49:36,1,1,FORWARD
17/08/2022 01:49:36,1,1,FORWARD
17/08/2022 01:49:36,1,1,FORWARD
17/08/2022 01:49:36,1,1,FORWARD
17/08/2022 01:49:36,1,1,FORWARD
17/08/2022 01:49:36,1,1,FORWARD
17/08/2022 01:49:36,1,1,FORWARD
17/08/2022 01:49:36,1,1,FORWARD
17/08/2022 01:49:36,1,1,FORWARD
17/08/2022 01:49:36,1,1,FORWARD
17/08/2022 01:49:36,1,1,FORWARD
17/08/2022 01:49:36,1,1,FORWARD
17/08/2022 01:49:36,1,1,FORWARD
17/08/2022 01:49:36,1,1,FORWARD
17/08/2022 01:49:36,1,1,FORWARD
17/08/2022 01:49:36,1,1,FORWARD
17/08/2022 01:49:36,1,1,FORWARD
17/08/2022 01:49:36,1,1,FORWARD
17/08/2022 01:49:36,1,1,FORWARD
17/08/2022 01:49:36,1,1,FORWARD
17/08/2022 01:49:37,1,1,FORWARD
17/08/2022 01:49:37,1,1,FORWARD
17/08/2022 01:49:37,1,1,FORWARD
17/08/2022 01:49:37,1,1,FORWARD
17/08/2022 01:49:37,1,1,FORWARD
17/08/2022 01:49:37,1,1,FORWARD
17/08/2022 01:49:37,1,1,FORWARD
17/08/2022 01:49:37,1,1,FORWARD
17/08/2022 01:49:37,1,1,FORWARD
17/08/2022 01:49:37,1,1,FORWARD
17/08/2022 01:49:37,1,1,FORWARD
17/08/2022 01:49:37,1,1,FORWARD
17/08/2022 01:49:37,1,1,FORWARD
17/08/2022 01:49:37,1,1,FORWARD
17/08/2022 01:49:37,1,1,FORWARD
17/08/2022 01:49:37,1,1,FORWARD
17/08/2022 01:49:37,1,1,FORWARD
17/08/2022 01:49:37,1,1,FORWARD
17/08/2022 01:49:37,1,1,FORWARD
17/08/2022 01:49:37,1,1,FORWARD
17/08/2022 01:49:38,1,1,FORWARD
17/08/2022 01:49:38,1,1,FORWARD
17/08/2022 01:49:38,1,1,FORWARD
17/08/2022 01:49:38,1,1,FORWARD
17/08/2022 01:49:38,1,1,FORWARD
17/08/2022 01:49:38,1,1,FORWARD
17/08/2022 01:49:38,1,1,FORWARD
17/08/2022 01:49:38,1,1,FORWARD
17/08/2022 01:49:38,1,0,RIGHT
17/08/2022 01:49:38,1,1,FORWARD
17/08/2022 01:49:38,1,1,FORWARD
17/08/2022 01:49:38,1,1,FORWARD
17/08/2022 01:49:38,1,1,FORWARD
17/08/2022 01:49:38,1,1,FORWARD
17/08/2022 01:49:38,1,1,FORWARD
17/08/2022 01:49:38,1,0,RIGHT
17/08/2022 01:49:39,1,1,FORWARD
17/08/2022 01:49:39,1,1,FORWARD
17/08/2022 01:49:39,1,1,FORWARD
17/08/2022 01:49:39,1,1,FORWARD
17/08/2022 01:49:39,1,1,FORWARD
17/08/2022 01:49:39,1,1,FORWARD
17/08/2022 01:49:39,1,1,FORWARD
17/08/2022 01:49:39,1,1,FORWARD
17/08/2022 01:49:39,1,1,FORWARD
17/08/2022 01:49:39,1,0,RIGHT
17/08/2022 01:49:39,1,1,FORWARD
17/08/2022 01:49:39,1,1,FORWARD
17/08/2022 01:49:39,1,1,FORWARD
17/08/2022 01:49:39,1,1,FORWARD
17/08/2022 01:49:39,1,1,FORWARD
17/08/2022 01:49:39,1,1,FORWARD
17/08/2022 01:49:39,1,1,FORWARD
17/08/2022 01:49:39,1,1,FORWARD
17/08/2022 01:49:40,1,1,FORWARD
17/08/2022 01:49:40,1,0,RIGHT
17/08/2022 01:49:40,1,1,FORWARD
17/08/2022 01:49:40,1,1,FORWARD
17/08/2022 01:49:40,1,1,FORWARD
17/08/2022 01:49:40,1,1,FORWARD
17/08/2022 01:49:40,1,1,FORWARD
17/08/2022 01:49:40,1,1,FORWARD
17/08/2022 01:49:40,1,1,FORWARD
17/08/2022 01:49:40,1,1,FORWARD
17/08/2022 01:49:40,1,1,FORWARD
17/08/2022 01:49:40,1,0,RIGHT
17/08/2022 01:49:40,1,1,FORWARD
17/08/2022 01:49:40,1,1,FORWARD
17/08/2022 01:49:40,1,1,FORWARD
17/08/2022 01:49:40,1,1,FORWARD
17/08/2022 01:49:41,1,1,FORWARD
17/08/2022 01:49:41,1,1,FORWARD
17/08/2022 01:49:41,1,1,FORWARD
17/08/2022 01:49:41,1,1,FORWARD
17/08/2022 01:49:41,1,1,FORWARD
17/08/2022 01:49:41,1,1,FORWARD
17/08/2022 01:49:41,1,1,FORWARD
17/08/2022 01:49:41,1,1,FORWARD
17/08/2022 01:49:41,1,1,FORWARD
17/08/2022 01:49:41,1,1,FORWARD
17/08/2022 01:49:41,1,1,FORWARD
17/08/2022 01:49:41,1,0,RIGHT
17/08/2022 01:49:41,1,1,FORWARD
17/08/2022 01:49:41,1,1,FORWARD
17/08/2022 01:49:41,1,1,FORWARD
17/08/2022 01:49:41,1,1,FORWARD
17/08/2022 01:49:41,1,1,FORWARD
17/08/2022 01:49:41,1,1,FORWARD
17/08/2022 01:49:42,1,1,FORWARD
17/08/2022 01:49:42,1,1,FORWARD
17/08/2022 01:49:42,0,1,LEFT
17/08/2022 01:49:42,1,1,FORWARD
17/08/2022 01:49:42,1,1,FORWARD
17/08/2022 01:49:42,1,1,FORWARD
17/08/2022 01:49:42,1,1,FORWARD
17/08/2022 01:49:42,1,1,FORWARD
17/08/2022 01:49:42,1,1,FORWARD
17/08/2022 01:49:42,1,1,FORWARD
17/08/2022 01:49:42,1,1,FORWARD
17/08/2022 01:49:42,1,1,FORWARD
17/08/2022 01:49:42,1,1,FORWARD
17/08/2022 01:49:42,1,1,FORWARD
17/08/2022 01:49:42,1,1,FORWARD
17/08/2022 01:49:42,1,0,RIGHT
17/08/2022 01:49:43,1,1,FORWARD
17/08/2022 01:49:43,1,1,FORWARD
17/08/2022 01:49:43,1,1,FORWARD
17/08/2022 01:49:43,1,1,FORWARD
17/08/2022 01:49:43,1,1,FORWARD
17/08/2022 01:49:43,1,1,FORWARD
17/08/2022 01:49:43,1,1,FORWARD
17/08/2022 01:49:43,1,1,FORWARD
17/08/2022 01:49:43,1,1,FORWARD
17/08/2022 01:49:43,1,1,FORWARD
17/08/2022 01:49:43,1,1,FORWARD
17/08/2022 01:49:43,1,1,FORWARD
17/08/2022 01:49:43,1,1,FORWARD
17/08/2022 01:49:43,1,1,FORWARD
17/08/2022 01:49:43,1,1,FORWARD
17/08/2022 01:49:43,1,1,FORWARD
17/08/2022 01:49:43,1,0,RIGHT
17/08/2022 01:49:44,1,0,RIGHT
17/08/2022 01:49:44,1,1,FORWARD
17/08/2022 01:49:44,1,1,FORWARD
17/08/2022 01:49:44,1,1,FORWARD
17/08/2022 01:49:44,0,1,LEFT
17/08/2022 01:49:44,1,1,FORWARD
17/08/2022 01:49:44,1,1,FORWARD
17/08/2022 01:49:44,1,1,FORWARD
17/08/2022 01:49:44,1,0,RIGHT
17/08/2022 01:49:44,1,1,FORWARD
17/08/2022 01:49:44,1,1,FORWARD
17/08/2022 01:49:44,1,1,FORWARD
17/08/2022 01:49:44,1,1,FORWARD
17/08/2022 01:49:44,1,1,FORWARD
17/08/2022 01:49:45,1,1,FORWARD
17/08/2022 01:49:45,1,1,FORWARD
17/08/2022 01:49:45,1,0,RIGHT
17/08/2022 01:49:45,1,1,FORWARD
17/08/2022 01:49:45,1,1,FORWARD
17/08/2022 01:49:45,1,1,FORWARD
17/08/2022 01:49:45,1,1,FORWARD
17/08/2022 01:49:45,1,1,FORWARD
17/08/2022 01:49:45,1,0,RIGHT
17/08/2022 01:49:45,1,1,FORWARD
17/08/2022 01:49:45,1,1,FORWARD
17/08/2022 01:49:45,1,1,FORWARD
17/08/2022 01:49:45,1,1,FORWARD
17/08/2022 01:49:45,1,1,FORWARD
17/08/2022 01:49:45,1,1,FORWARD
17/08/2022 01:49:45,1,1,FORWARD
17/08/2022 01:49:46,1,1,FORWARD
17/08/2022 01:49:46,1,1,FORWARD
17/08/2022 01:49:46,1,1,FORWARD
17/08/2022 01:49:46,1,1,FORWARD
17/08/2022 01:49:46,1,1,FORWARD
17/08/2022 01:49:46,1,1,FORWARD
17/08/2022 01:49:46,1,1,FORWARD
17/08/2022 01:49:46,1,1,FORWARD
17/08/2022 01:49:46,1,1,FORWARD
17/08/2022 01:49:46,1,1,FORWARD
17/08/2022 01:49:46,1,1,FORWARD
17/08/2022 01:49:46,1,1,FORWARD
17/08/2022 01:49:46,1,1,FORWARD
17/08/2022 01:49:46,1,1,FORWARD
17/08/2022 01:49:46,1,1,FORWARD
17/08/2022 01:49:46,1,1,FORWARD
17/08/2022 01:49:46,1,1,FORWARD
17/08/2022 01:49:46,1,1,FORWARD
17/08/2022 01:49:46,1,1,FORWARD
17/08/2022 01:49:46,1,1,FORWARD
17/08/2022 01:49:47,1,1,FORWARD
17/08/2022 01:49:47,1,1,FORWARD
17/08/2022 01:49:47,1,1,FORWARD
17/08/2022 01:49:47,1,1,FORWARD
17/08/2022 01:49:47,1,1,FORWARD
17/08/2022 01:49:47,1,1,FORWARD
17/08/2022 01:49:47,1,1,FORWARD
17/08/2022 01:49:47,1,1,FORWARD
17/08/2022 01:49:47,1,1,FORWARD
17/08/2022 01:49:47,1,1,FORWARD
17/08/2022 01:49:47,1,1,FORWARD
17/08/2022 01:49:47,1,1,FORWARD
17/08/2022 01:49:47,1,1,FORWARD
17/08/2022 01:49:47,0,1,LEFT
17/08/2022 01:49:47,1,1,FORWARD
17/08/2022 01:49:47,1,1,FORWARD
17/08/2022 01:49:47,1,1,FORWARD
17/08/2022 01:49:47,1,1,FORWARD
17/08/2022 01:49:48,1,1,FORWARD
17/08/2022 01:49:48,1,1,FORWARD
17/08/2022 01:49:48,1,1,FORWARD
17/08/2022 01:49:48,1,1,FORWARD
17/08/2022 01:49:48,1,1,FORWARD
17/08/2022 01:49:48,1,1,FORWARD
17/08/2022 01:49:48,1,1,FORWARD
17/08/2022 01:49:48,1,1,FORWARD
17/08/2022 01:49:48,1,1,FORWARD
17/08/2022 01:49:48,1,1,FORWARD
17/08/2022 01:49:48,1,1,FORWARD
17/08/2022 01:49:48,1,1,FORWARD
17/08/2022 01:49:48,1,1,FORWARD
17/08/2022 01:49:48,1,1,FORWARD
17/08/2022 01:49:48,1,1,FORWARD
17/08/2022 01:49:48,1,1,FORWARD
17/08/2022 01:49:48,1,1,FORWARD
17/08/2022 01:49:48,1,1,FORWARD
17/08/2022 01:49:48,1,1,FORWARD
17/08/2022 01:49:48,1,1,FORWARD
17/08/2022 01:49:49,1,1,FORWARD
17/08/2022 01:49:49,1,1,FORWARD
17/08/2022 01:49:49,1,1,FORWARD
17/08/2022 01:49:49,1,0,RIGHT
17/08/2022 01:49:49,1,1,FORWARD
17/08/2022 01:49:49,1,1,FORWARD
17/08/2022 01:49:49,1,1,FORWARD
17/08/2022 01:49:49,1,1,FORWARD
17/08/2022 01:49:49,1,1,FORWARD
17/08/2022 01:49:49,1,1,FORWARD
17/08/2022 01:49:49,1,1,FORWARD
17/08/2022 01:49:49,1,1,FORWARD
17/08/2022 01:49:49,1,1,FORWARD
17/08/2022 01:49:49,1,0,RIGHT
17/08/2022 01:49:49,1,1,FORWARD
17/08/2022 01:49:49,1,1,FORWARD
17/08/2022 01:49:50,1,1,FORWARD
17/08/2022 01:49:50,1,1,FORWARD
17/08/2022 01:49:50,1,1,FORWARD
17/08/2022 01:49:50,1,1,FORWARD
17/08/2022 01:49:50,1,1,FORWARD
17/08/2022 01:49:50,1,1,FORWARD
17/08/2022 01:49:50,1,1,FORWARD
17/08/2022 01:49:50,0,1,LEFT
17/08/2022 01:49:50,1,1,FORWARD
17/08/2022 01:49:50,1,1,FORWARD
17/08/2022 01:49:50,1,1,FORWARD
17/08/2022 01:49:50,1,1,FORWARD
17/08/2022 01:49:50,1,1,FORWARD
17/08/2022 01:49:50,1,1,FORWARD
17/08/2022 01:49:50,1,1,FORWARD
17/08/2022 01:49:50,1,1,FORWARD
17/08/2022 01:49:50,1,1,FORWARD
17/08/2022 01:49:50,1,1,FORWARD
17/08/2022 01:49:51,1,1,FORWARD
17/08/2022 01:49:51,1,1,FORWARD
17/08/2022 01:49:51,1,0,RIGHT
17/08/2022 01:49:51,1,1,FORWARD
17/08/2022 01:49:51,1,1,FORWARD
17/08/2022 01:49:51,1,1,FORWARD
17/08/2022 01:49:51,1,1,FORWARD
17/08/2022 01:49:51,1,1,FORWARD
17/08/2022 01:49:51,1,1,FORWARD
17/08/2022 01:49:51,1,1,FORWARD
17/08/2022 01:49:51,1,1,FORWARD
17/08/2022 01:49:51,1,1,FORWARD
17/08/2022 01:49:51,1,1,FORWARD
17/08/2022 01:49:51,1,1,FORWARD
17/08/2022 01:49:51,1,1,FORWARD
17/08/2022 01:49:51,1,1,FORWARD
17/08/2022 01:49:51,0,1,LEFT
17/08/2022 01:49:52,1,1,FORWARD
17/08/2022 01:49:52,1,1,FORWARD
17/08/2022 01:49:52,1,1,FORWARD
17/08/2022 01:49:52,1,1,FORWARD
17/08/2022 01:49:52,1,1,FORWARD
17/08/2022 01:49:52,1,1,FORWARD
17/08/2022 01:49:52,1,1,FORWARD
17/08/2022 01:49:52,1,1,FORWARD
17/08/2022 01:49:52,1,1,FORWARD
17/08/2022 01:49:52,1,1,FORWARD
17/08/2022 01:49:52,1,0,RIGHT
17/08/2022 01:49:52,1,1,FORWARD
17/08/2022 01:49:52,1,1,FORWARD
17/08/2022 01:49:52,1,1,FORWARD
17/08/2022 01:49:52,1,1,FORWARD
17/08/2022 01:49:52,1,1,FORWARD
17/08/2022 01:49:53,1,1,FORWARD
17/08/2022 01:49:53,1,1,FORWARD
17/08/2022 01:49:53,1,1,FORWARD
17/08/2022 01:49:53,1,1,FORWARD
17/08/2022 01:49:53,1,1,FORWARD
17/08/2022 01:49:53,1,1,FORWARD
17/08/2022 01:49:53,1,1,FORWARD
17/08/2022 01:49:53,1,1,FORWARD
17/08/2022 01:49:53,1,1,FORWARD
17/08/2022 01:49:53,1,1,FORWARD
17/08/2022 01:49:53,1,0,RIGHT
17/08/2022 01:49:53,1,0,RIGHT
17/08/2022 01:49:53,1,1,FORWARD
17/08/2022 01:49:53,1,1,FORWARD
17/08/2022 01:49:53,1,1,FORWARD
17/08/2022 01:49:53,0,1,LEFT
17/08/2022 01:49:54,1,1,FORWARD
17/08/2022 01:49:54,1,1,FORWARD
17/08/2022 01:49:54,1,1,FORWARD
17/08/2022 01:49:54,1,1,FORWARD
17/08/2022 01:49:54,1,1,FORWARD
17/08/2022 01:49:54,1,1,FORWARD
17/08/2022 01:49:54,1,0,RIGHT
17/08/2022 01:49:54,1,1,FORWARD
17/08/2022 01:49:54,1,1,FORWARD
17/08/2022 01:49:54,1,1,FORWARD
17/08/2022 01:49:54,1,1,FORWARD
17/08/2022 01:49:54,1,1,FORWARD
17/08/2022 01:49:54,1,1,FORWARD
17/08/2022 01:49:54,1,1,FORWARD
17/08/2022 01:49:54,1,1,FORWARD
17/08/2022 01:49:54,1,0,RIGHT
17/08/2022 01:49:55,1,1,FORWARD
17/08/2022 01:49:55,1,1,FORWARD
17/08/2022 01:49:55,1,1,FORWARD
17/08/2022 01:49:55,1,1,FORWARD
17/08/2022 01:49:55,1,1,FORWARD
17/08/2022 01:49:55,1,1,FORWARD
17/08/2022 01:49:55,1,1,FORWARD
17/08/2022 01:49:55,1,0,RIGHT
17/08/2022 01:49:55,1,1,FORWARD
17/08/2022 01:49:55,1,1,FORWARD
17/08/2022 01:49:55,1,1,FORWARD
17/08/2022 01:49:55,1,1,FORWARD
17/08/2022 01:49:55,1,1,FORWARD
17/08/2022 01:49:55,1,1,FORWARD
17/08/2022 01:49:55,1,1,FORWARD
17/08/2022 01:49:55,1,0,RIGHT
17/08/2022 01:49:56,1,1,FORWARD
17/08/2022 01:49:56,1,1,FORWARD
17/08/2022 01:49:56,1,1,FORWARD
17/08/2022 01:49:56,1,1,FORWARD
17/08/2022 01:49:56,1,1,FORWARD
17/08/2022 01:49:56,1,1,FORWARD
17/08/2022 01:49:56,1,1,FORWARD
17/08/2022 01:49:56,1,0,RIGHT
17/08/2022 01:49:56,1,1,FORWARD
17/08/2022 01:49:56,1,1,FORWARD
17/08/2022 01:49:56,1,1,FORWARD
17/08/2022 01:49:56,1,1,FORWARD
17/08/2022 01:49:56,1,1,FORWARD
17/08/2022 01:49:56,1,1,FORWARD
17/08/2022 01:49:56,1,1,FORWARD
17/08/2022 01:49:56,1,1,FORWARD
17/08/2022 01:49:57,1,1,FORWARD
17/08/2022 01:49:57,1,1,FORWARD
17/08/2022 01:49:57,1,1,FORWARD
17/08/2022 01:49:57,1,0,RIGHT
17/08/2022 01:49:57,1,1,FORWARD
17/08/2022 01:49:57,1,1,FORWARD
17/08/2022 01:49:57,1,1,FORWARD
17/08/2022 01:49:57,1,1,FORWARD
17/08/2022 01:49:57,1,1,FORWARD
17/08/2022 01:49:57,1,1,FORWARD
17/08/2022 01:49:57,1,0,RIGHT
17/08/2022 01:49:57,1,1,FORWARD
17/08/2022 01:49:57,1,1,FORWARD
17/08/2022 01:49:57,1,1,FORWARD
17/08/2022 01:49:57,1,1,FORWARD
17/08/2022 01:49:57,1,1,FORWARD
17/08/2022 01:49:58,1,1,FORWARD
17/08/2022 01:49:58,1,1,FORWARD
17/08/2022 01:49:58,1,1,FORWARD
17/08/2022 01:49:58,1,1,FORWARD
17/08/2022 01:49:58,1,0,RIGHT
17/08/2022 01:49:58,1,1,FORWARD
17/08/2022 01:49:58,1,1,FORWARD
17/08/2022 01:49:58,1,1,FORWARD
17/08/2022 01:49:58,1,1,FORWARD
17/08/2022 01:49:58,1,1,FORWARD
17/08/2022 01:49:58,1,1,FORWARD
17/08/2022 01:49:58,1,1,FORWARD
17/08/2022 01:49:58,1,1,FORWARD
17/08/2022 01:49:58,1,1,FORWARD
17/08/2022 01:49:58,1,1,FORWARD
17/08/2022 01:49:58,1,1,FORWARD
17/08/2022 01:49:58,0,1,LEFT
17/08/2022 01:49:59,1,1,FORWARD
17/08/2022 01:49:59,1,1,FORWARD
17/08/2022 01:49:59,1,1,FORWARD
17/08/2022 01:49:59,1,1,FORWARD
17/08/2022 01:49:59,1,1,FORWARD
17/08/2022 01:49:59,1,1,FORWARD
17/08/2022 01:49:59,1,1,FORWARD
17/08/2022 01:49:59,1,1,FORWARD
17/08/2022 01:49:59,0,1,LEFT
17/08/2022 01:49:59,1,1,FORWARD
17/08/2022 01:49:59,1,1,FORWARD
17/08/2022 01:49:59,1,1,FORWARD
17/08/2022 01:49:59,1,1,FORWARD
17/08/2022 01:49:59,1,1,FORWARD
17/08/2022 01:49:59,1,1,FORWARD
17/08/2022 01:49:59,0,1,LEFT
17/08/2022 01:50:00,1,1,FORWARD
17/08/2022 01:50:00,1,1,FORWARD
17/08/2022 01:50:00,1,1,FORWARD
17/08/2022 01:50:00,1,1,FORWARD
17/08/2022 01:50:00,1,1,FORWARD
17/08/2022 01:50:00,1,1,FORWARD
17/08/2022 01:50:00,1,1,FORWARD
17/08/2022 01:50:00,1,1,FORWARD
17/08/2022 01:50:00,1,1,FORWARD
17/08/2022 01:50:00,1,1,FORWARD
17/08/2022 01:50:00,1,1,FORWARD
17/08/2022 01:50:00,1,1,FORWARD
17/08/2022 01:50:00,1,1,FORWARD
17/08/2022 01:50:00,1,1,FORWARD
17/08/2022 01:50:00,0,1,LEFT
17/08/2022 01:50:00,1,1,FORWARD
17/08/2022 01:50:00,1,1,FORWARD
17/08/2022 01:50:01,1,1,FORWARD
17/08/2022 01:50:01,1,1,FORWARD
17/08/2022 01:50:01,1,1,FORWARD
17/08/2022 01:50:01,1,1,FORWARD
17/08/2022 01:50:01,1,1,FORWARD
17/08/2022 01:50:01,1,1,FORWARD
17/08/2022 01:50:01,1,1,FORWARD
17/08/2022 01:50:01,1,1,FORWARD
17/08/2022 01:50:01,1,1,FORWARD
17/08/2022 01:50:01,1,1,FORWARD
17/08/2022 01:50:01,1,1,FORWARD
17/08/2022 01:50:01,1,1,FORWARD
17/08/2022 01:50:01,1,1,FORWARD
17/08/2022 01:50:01,1,1,FORWARD
17/08/2022 01:50:01,1,1,FORWARD
17/08/2022 01:50:01,1,1,FORWARD
17/08/2022 01:50:01,1,1,FORWARD
17/08/2022 01:50:01,1,1,FORWARD
17/08/2022 01:50:01,1,0,RIGHT
17/08/2022 01:50:02,1,0,RIGHT
17/08/2022 01:50:02,1,1,FORWARD
17/08/2022 01:50:02,1,1,FORWARD
17/08/2022 01:50:02,1,1,FORWARD
17/08/2022 01:50:02,1,1,FORWARD
17/08/2022 01:50:02,1,1,FORWARD
17/08/2022 01:50:02,1,1,FORWARD
17/08/2022 01:50:02,1,1,FORWARD
17/08/2022 01:50:02,1,1,FORWARD
17/08/2022 01:50:02,1,1,FORWARD
17/08/2022 01:50:02,1,1,FORWARD
17/08/2022 01:50:02,1,1,FORWARD
17/08/2022 01:50:02,1,0,RIGHT
17/08/2022 01:50:02,1,0,RIGHT
17/08/2022 01:50:03,1,1,FORWARD
17/08/2022 01:50:03,0,1,LEFT
17/08/2022 01:50:03,1,1,FORWARD
17/08/2022 01:50:03,1,1,FORWARD
17/08/2022 01:50:03,1,1,FORWARD
17/08/2022 01:50:03,1,1,FORWARD
17/08/2022 01:50:03,1,1,FORWARD
17/08/2022 01:50:03,1,1,FORWARD
17/08/2022 01:50:03,1,1,FORWARD
17/08/2022 01:50:03,1,1,FORWARD
17/08/2022 01:50:03,1,1,FORWARD
17/08/2022 01:50:03,1,1,FORWARD
17/08/2022 01:50:03,1,1,FORWARD
17/08/2022 01:50:03,1,1,FORWARD
17/08/2022 01:50:03,1,1,FORWARD
17/08/2022 01:50:03,1,1,FORWARD
17/08/2022 01:50:04,1,1,FORWARD
17/08/2022 01:50:04,1,1,FORWARD
17/08/2022 01:50:04,1,1,FORWARD
17/08/2022 01:50:04,1,1,FORWARD
17/08/2022 01:50:04,1,1,FORWARD
17/08/2022 01:50:04,1,1,FORWARD
17/08/2022 01:50:04,1,1,FORWARD
17/08/2022 01:50:04,1,1,FORWARD
17/08/2022 01:50:04,1,1,FORWARD
17/08/2022 01:50:04,1,1,FORWARD
17/08/2022 01:50:04,1,1,FORWARD
17/08/2022 01:50:04,1,1,FORWARD
17/08/2022 01:50:04,1,1,FORWARD
17/08/2022 01:50:04,1,1,FORWARD
17/08/2022 01:50:04,1,1,FORWARD
17/08/2022 01:50:04,1,1,FORWARD
17/08/2022 01:50:04,1,1,FORWARD
17/08/2022 01:50:04,1,1,FORWARD
17/08/2022 01:50:04,1,1,FORWARD
17/08/2022 01:50:04,1,1,FORWARD
17/08/2022 01:50:05,1,1,FORWARD
17/08/2022 01:50:05,1,1,FORWARD
17/08/2022 01:50:05,1,1,FORWARD
17/08/2022 01:50:05,1,1,FORWARD
17/08/2022 01:50:05,1,1,FORWARD
17/08/2022 01:50:05,1,1,FORWARD
17/08/2022 01:50:05,1,1,FORWARD
17/08/2022 01:50:05,1,1,FORWARD
17/08/2022 01:50:05,1,1,FORWARD
17/08/2022 01:50:05,1,1,FORWARD
17/08/2022 01:50:05,1,1,FORWARD
17/08/2022 01:50:05,1,0,RIGHT
17/08/2022 01:50:05,1,1,FORWARD
17/08/2022 01:50:05,1,1,FORWARD
17/08/2022 01:50:05,1,1,FORWARD
17/08/2022 01:50:05,1,1,FORWARD
17/08/2022 01:50:05,1,1,FORWARD
17/08/2022 01:50:05,1,1,FORWARD
17/08/2022 01:50:06,1,1,FORWARD
17/08/2022 01:50:06,1,1,FORWARD
17/08/2022 01:50:06,1,1,FORWARD
17/08/2022 01:50:06,0,1,LEFT
17/08/2022 01:50:06,1,1,FORWARD
17/08/2022 01:50:06,1,1,FORWARD
17/08/2022 01:50:06,1,1,FORWARD
17/08/2022 01:50:06,1,1,FORWARD
17/08/2022 01:50:06,1,1,FORWARD
17/08/2022 01:50:06,1,1,FORWARD
17/08/2022 01:50:06,1,1,FORWARD
17/08/2022 01:50:06,1,1,FORWARD
17/08/2022 01:50:06,1,1,FORWARD
17/08/2022 01:50:06,1,1,FORWARD
17/08/2022 01:50:06,1,1,FORWARD
17/08/2022 01:50:06,1,1,FORWARD
17/08/2022 01:50:06,1,1,FORWARD
17/08/2022 01:50:06,1,0,RIGHT
17/08/2022 01:50:07,1,1,FORWARD
17/08/2022 01:50:07,1,1,FORWARD
17/08/2022 01:50:07,1,1,FORWARD
17/08/2022 01:50:07,1,1,FORWARD
17/08/2022 01:50:07,1,1,FORWARD
17/08/2022 01:50:07,1,1,FORWARD
17/08/2022 01:50:07,1,1,FORWARD
17/08/2022 01:50:07,1,1,FORWARD
17/08/2022 01:50:07,1,0,RIGHT
17/08/2022 01:50:07,1,1,FORWARD
17/08/2022 01:50:07,1,1,FORWARD
17/08/2022 01:50:07,1,1,FORWARD
17/08/2022 01:50:07,1,1,FORWARD
17/08/2022 01:50:07,1,1,FORWARD
17/08/2022 01:50:07,1,1,FORWARD
17/08/2022 01:50:07,1,1,FORWARD
17/08/2022 01:50:08,1,1,FORWARD
17/08/2022 01:50:08,1,1,FORWARD
17/08/2022 01:50:08,1,1,FORWARD
17/08/2022 01:50:08,1,1,FORWARD
17/08/2022 01:50:08,1,0,RIGHT
17/08/2022 01:50:08,1,1,FORWARD
17/08/2022 01:50:08,1,1,FORWARD
17/08/2022 01:50:08,1,1,FORWARD
17/08/2022 01:50:08,1,1,FORWARD
17/08/2022 01:50:08,1,1,FORWARD
17/08/2022 01:50:08,1,1,FORWARD
17/08/2022 01:50:08,1,1,FORWARD
17/08/2022 01:50:08,1,1,FORWARD
17/08/2022 01:50:08,1,1,FORWARD
17/08/2022 01:50:08,1,0,RIGHT
17/08/2022 01:50:08,1,1,FORWARD
17/08/2022 01:50:09,1,1,FORWARD
17/08/2022 01:50:09,1,1,FORWARD
17/08/2022 01:50:09,1,1,FORWARD
17/08/2022 01:50:09,1,1,FORWARD
17/08/2022 01:50:09,1,1,FORWARD
17/08/2022 01:50:09,1,1,FORWARD
17/08/2022 01:50:09,1,1,FORWARD
17/08/2022 01:50:09,1,1,FORWARD
17/08/2022 01:50:09,1,1,FORWARD
17/08/2022 01:50:09,1,0,RIGHT
17/08/2022 01:50:09,1,1,FORWARD
17/08/2022 01:50:09,1,1,FORWARD
17/08/2022 01:50:09,1,1,FORWARD
17/08/2022 01:50:09,1,1,FORWARD
17/08/2022 01:50:09,1,1,FORWARD
17/08/2022 01:50:09,1,1,FORWARD
17/08/2022 01:50:09,1,1,FORWARD
17/08/2022 01:50:09,1,1,FORWARD
17/08/2022 01:50:10,1,1,FORWARD
17/08/2022 01:50:10,1,1,FORWARD
17/08/2022 01:50:10,1,1,FORWARD
17/08/2022 01:50:10,1,0,RIGHT
17/08/2022 01:50:10,1,1,FORWARD
17/08/2022 01:50:10,1,1,FORWARD
17/08/2022 01:50:10,1,1,FORWARD
17/08/2022 01:50:10,1,1,FORWARD
17/08/2022 01:50:10,1,1,FORWARD
17/08/2022 01:50:10,1,1,FORWARD
17/08/2022 01:50:10,1,1,FORWARD
17/08/2022 01:50:10,1,1,FORWARD
17/08/2022 01:50:10,1,1,FORWARD
17/08/2022 01:50:10,1,1,FORWARD
17/08/2022 01:50:10,1,1,FORWARD
17/08/2022 01:50:10,0,1,LEFT
17/08/2022 01:50:11,1,1,FORWARD
17/08/2022 01:50:11,1,1,FORWARD
17/08/2022 01:50:11,1,1,FORWARD
17/08/2022 01:50:11,1,1,FORWARD
17/08/2022 01:50:11,1,1,FORWARD
17/08/2022 01:50:11,1,1,FORWARD
17/08/2022 01:50:11,1,1,FORWARD
17/08/2022 01:50:11,1,1,FORWARD
17/08/2022 01:50:11,1,1,FORWARD
17/08/2022 01:50:11,1,1,FORWARD
17/08/2022 01:50:11,1,1,FORWARD
17/08/2022 01:50:11,1,0,RIGHT
17/08/2022 01:50:11,1,1,FORWARD
17/08/2022 01:50:11,1,1,FORWARD
17/08/2022 01:50:11,1,1,FORWARD
17/08/2022 01:50:11,1,1,FORWARD
17/08/2022 01:50:11,1,1,FORWARD
17/08/2022 01:50:11,1,1,FORWARD
17/08/2022 01:50:12,1,1,FORWARD
17/08/2022 01:50:12,1,1,FORWARD
17/08/2022 01:50:12,1,1,FORWARD
17/08/2022 01:50:12,1,1,FORWARD
17/08/2022 01:50:12,1,1,FORWARD
17/08/2022 01:50:12,1,1,FORWARD
17/08/2022 01:50:12,1,1,FORWARD
17/08/2022 01:50:12,1,1,FORWARD
17/08/2022 01:50:12,1,1,FORWARD
17/08/2022 01:50:12,1,1,FORWARD
17/08/2022 01:50:12,1,1,FORWARD
17/08/2022 01:50:12,1,1,FORWARD
17/08/2022 01:50:12,1,1,FORWARD
17/08/2022 01:50:12,1,1,FORWARD
17/08/2022 01:50:12,1,0,RIGHT
17/08/2022 01:50:12,1,0,RIGHT
17/08/2022 01:50:13,1,1,FORWARD
17/08/2022 01:50:13,1,1,FORWARD
17/08/2022 01:50:13,1,1,FORWARD
17/08/2022 01:50:13,1,1,FORWARD
17/08/2022 01:50:13,1,1,FORWARD
17/08/2022 01:50:13,1,1,FORWARD
17/08/2022 01:50:13,1,1,FORWARD
17/08/2022 01:50:13,1,1,FORWARD
17/08/2022 01:50:13,1,1,FORWARD
17/08/2022 01:50:13,1,1,FORWARD
17/08/2022 01:50:13,1,1,FORWARD
17/08/2022 01:50:13,1,1,FORWARD
17/08/2022 01:50:13,1,1,FORWARD
17/08/2022 01:50:13,1,1,FORWARD
17/08/2022 01:50:13,1,0,RIGHT
17/08/2022 01:50:13,1,0,RIGHT
17/08/2022 01:50:14,1,1,FORWARD
17/08/2022 01:50:14,1,1,FORWARD
17/08/2022 01:50:14,1,1,FORWARD
17/08/2022 01:50:14,1,1,FORWARD
17/08/2022 01:50:14,1,1,FORWARD
17/08/2022 01:50:14,1,1,FORWARD
17/08/2022 01:50:14,1,1,FORWARD
17/08/2022 01:50:14,1,1,FORWARD
17/08/2022 01:50:14,1,1,FORWARD
17/08/2022 01:50:14,1,1,FORWARD
17/08/2022 01:50:14,1,1,FORWARD
17/08/2022 01:50:14,1,1,FORWARD
17/08/2022 01:50:14,1,1,FORWARD
17/08/2022 01:50:14,1,1,FORWARD
17/08/2022 01:50:14,1,1,FORWARD
17/08/2022 01:50:14,1,1,FORWARD
17/08/2022 01:50:14,1,1,FORWARD
17/08/2022 01:50:14,1,1,FORWARD
17/08/2022 01:50:14,1,1,FORWARD
17/08/2022 01:50:15,1,1,FORWARD
17/08/2022 01:50:15,1,1,FORWARD
17/08/2022 01:50:15,1,1,FORWARD
17/08/2022 01:50:15,1,1,FORWARD
17/08/2022 01:50:15,1,1,FORWARD
17/08/2022 01:50:15,1,1,FORWARD
17/08/2022 01:50:15,1,1,FORWARD
17/08/2022 01:50:15,1,1,FORWARD
17/08/2022 01:50:15,1,1,FORWARD
17/08/2022 01:50:15,1,1,FORWARD
17/08/2022 01:50:15,1,1,FORWARD
17/08/2022 01:50:15,1,1,FORWARD
17/08/2022 01:50:15,1,1,FORWARD
17/08/2022 01:50:15,1,1,FORWARD
17/08/2022 01:50:15,1,1,FORWARD
17/08/2022 01:50:15,1,1,FORWARD
17/08/2022 01:50:15,1,1,FORWARD
17/08/2022 01:50:15,0,1,LEFT
17/08/2022 01:50:16,1,1,FORWARD
17/08/2022 01:50:16,1,1,FORWARD
17/08/2022 01:50:16,1,1,FORWARD
17/08/2022 01:50:16,1,1,FORWARD
17/08/2022 01:50:16,1,1,FORWARD
17/08/2022 01:50:16,1,1,FORWARD
17/08/2022 01:50:16,1,1,FORWARD
17/08/2022 01:50:16,1,1,FORWARD
17/08/2022 01:50:16,1,1,FORWARD
17/08/2022 01:50:16,1,1,FORWARD
17/08/2022 01:50:16,1,1,FORWARD
17/08/2022 01:50:16,1,1,FORWARD
17/08/2022 01:50:16,1,1,FORWARD
17/08/2022 01:50:16,1,1,FORWARD
17/08/2022 01:50:16,1,1,FORWARD
17/08/2022 01:50:16,1,1,FORWARD
17/08/2022 01:50:16,1,1,FORWARD
17/08/2022 01:50:16,1,1,FORWARD
17/08/2022 01:50:16,1,1,FORWARD
17/08/2022 01:50:16,0,1,LEFT
17/08/2022 01:50:17,1,1,FORWARD
17/08/2022 01:50:17,1,1,FORWARD
17/08/2022 01:50:17,1,1,FORWARD
17/08/2022 01:50:17,1,1,FORWARD
17/08/2022 01:50:17,1,1,FORWARD
17/08/2022 01:50:17,1,1,FORWARD
17/08/2022 01:50:17,1,1,FORWARD
17/08/2022 01:50:17,1,1,FORWARD
17/08/2022 01:50:17,1,1,FORWARD
17/08/2022 01:50:17,1,1,FORWARD
17/08/2022 01:50:17,1,0,RIGHT
17/08/2022 01:50:17,1,0,RIGHT
17/08/2022 01:50:17,1,1,FORWARD
17/08/2022 01:50:17,1,1,FORWARD
17/08/2022 01:50:18,0,1,LEFT
17/08/2022 01:50:18,1,1,FORWARD
17/08/2022 01:50:18,1,1,FORWARD
17/08/2022 01:50:18,1,1,FORWARD
17/08/2022 01:50:18,1,1,FORWARD
17/08/2022 01:50:18,1,1,FORWARD
17/08/2022 01:50:18,1,1,FORWARD
17/08/2022 01:50:18,1,1,FORWARD
17/08/2022 01:50:18,1,1,FORWARD
17/08/2022 01:50:18,1,1,FORWARD
17/08/2022 01:50:18,1,1,FORWARD
17/08/2022 01:50:18,1,1,FORWARD
17/08/2022 01:50:18,1,1,FORWARD
17/08/2022 01:50:18,1,1,FORWARD
17/08/2022 01:50:18,1,0,RIGHT
17/08/2022 01:50:18,1,1,FORWARD
17/08/2022 01:50:19,1,1,FORWARD
17/08/2022 01:50:19,1,1,FORWARD
17/08/2022 01:50:19,1,1,FORWARD
17/08/2022 01:50:19,1,1,FORWARD
17/08/2022 01:50:19,1,1,FORWARD
17/08/2022 01:50:19,1,1,FORWARD
17/08/2022 01:50:19,1,1,FORWARD
17/08/2022 01:50:19,1,1,FORWARD
17/08/2022 01:50:19,1,1,FORWARD
17/08/2022 01:50:19,1,1,FORWARD
17/08/2022 01:50:19,0,1,LEFT
17/08/2022 01:50:19,1,1,FORWARD
17/08/2022 01:50:19,1,1,FORWARD
17/08/2022 01:50:19,1,1,FORWARD
17/08/2022 01:50:19,1,1,FORWARD
17/08/2022 01:50:19,1,1,FORWARD
17/08/2022 01:50:19,1,1,FORWARD
17/08/2022 01:50:19,1,1,FORWARD
17/08/2022 01:50:20,1,1,FORWARD
17/08/2022 01:50:20,1,1,FORWARD
17/08/2022 01:50:20,1,1,FORWARD
17/08/2022 01:50:20,1,1,FORWARD
17/08/2022 01:50:20,1,0,RIGHT
17/08/2022 01:50:20,1,1,FORWARD
17/08/2022 01:50:20,1,1,FORWARD
17/08/2022 01:50:20,1,1,FORWARD
17/08/2022 01:50:20,1,1,FORWARD
17/08/2022 01:50:20,1,1,FORWARD
17/08/2022 01:50:20,1,1,FORWARD
17/08/2022 01:50:20,1,1,FORWARD
17/08/2022 01:50:20,1,1,FORWARD
17/08/2022 01:50:20,1,1,FORWARD
17/08/2022 01:50:20,1,1,FORWARD
17/08/2022 01:50:20,1,1,FORWARD
17/08/2022 01:50:20,1,1,FORWARD
17/08/2022 01:50:20,1,1,FORWARD
17/08/2022 01:50:21,1,1,FORWARD
17/08/2022 01:50:21,1,1,FORWARD
17/08/2022 01:50:21,1,1,FORWARD
17/08/2022 01:50:21,1,1,FORWARD
17/08/2022 01:50:21,1,1,FORWARD
17/08/2022 01:50:21,1,1,FORWARD
17/08/2022 01:50:21,1,1,FORWARD
17/08/2022 01:50:21,1,1,FORWARD
17/08/2022 01:50:21,1,1,FORWARD
17/08/2022 01:50:21,1,1,FORWARD
17/08/2022 01:50:21,1,1,FORWARD
17/08/2022 01:50:21,1,1,FORWARD
17/08/2022 01:50:21,1,1,FORWARD
17/08/2022 01:50:21,1,1,FORWARD
17/08/2022 01:50:21,1,1,FORWARD
17/08/2022 01:50:21,1,1,FORWARD
17/08/2022 01:50:21,1,1,FORWARD
17/08/2022 01:50:21,1,1,FORWARD
17/08/2022 01:50:21,1,0,RIGHT
17/08/2022 01:50:22,1,0,RIGHT
17/08/2022 01:50:22,1,1,FORWARD
17/08/2022 01:50:22,1,1,FORWARD
17/08/2022 01:50:22,1,1,FORWARD
17/08/2022 01:50:22,1,1,FORWARD
17/08/2022 01:50:22,1,1,FORWARD
17/08/2022 01:50:22,1,1,FORWARD
17/08/2022 01:50:22,1,1,FORWARD
17/08/2022 01:50:22,1,1,FORWARD
17/08/2022 01:50:22,1,1,FORWARD
17/08/2022 01:50:22,1,1,FORWARD
17/08/2022 01:50:22,1,1,FORWARD
17/08/2022 01:50:22,1,1,FORWARD
17/08/2022 01:50:22,1,1,FORWARD
17/08/2022 01:50:22,1,1,FORWARD
17/08/2022 01:50:22,1,1,FORWARD
17/08/2022 01:50:23,1,1,FORWARD
17/08/2022 01:50:23,1,0,RIGHT
17/08/2022 01:50:23,1,0,RIGHT
17/08/2022 01:50:23,1,1,FORWARD
17/08/2022 01:50:23,1,1,FORWARD
17/08/2022 01:50:23,1,1,FORWARD
17/08/2022 01:50:23,1,1,FORWARD
17/08/2022 01:50:23,1,1,FORWARD
17/08/2022 01:50:23,1,1,FORWARD
17/08/2022 01:50:23,1,1,FORWARD
17/08/2022 01:50:23,1,1,FORWARD
17/08/2022 01:50:23,1,1,FORWARD
17/08/2022 01:50:23,1,1,FORWARD
17/08/2022 01:50:23,1,1,FORWARD
17/08/2022 01:50:23,1,1,FORWARD
17/08/2022 01:50:23,1,1,FORWARD
17/08/2022 01:50:24,1,1,FORWARD
17/08/2022 01:50:24,1,1,FORWARD
17/08/2022 01:50:24,1,0,RIGHT
17/08/2022 01:50:24,1,1,FORWARD
17/08/2022 01:50:24,1,1,FORWARD
17/08/2022 01:50:24,1,1,FORWARD
17/08/2022 01:50:24,1,1,FORWARD
17/08/2022 01:50:24,1,1,FORWARD
17/08/2022 01:50:24,1,0,RIGHT
17/08/2022 01:50:24,1,1,FORWARD
17/08/2022 01:50:24,1,1,FORWARD
17/08/2022 01:50:24,1,1,FORWARD
17/08/2022 01:50:24,1,1,FORWARD
17/08/2022 01:50:24,1,1,FORWARD
17/08/2022 01:50:24,1,1,FORWARD
17/08/2022 01:50:24,1,1,FORWARD
17/08/2022 01:50:25,1,1,FORWARD
17/08/2022 01:50:25,1,1,FORWARD
17/08/2022 01:50:25,1,1,FORWARD
17/08/2022 01:50:25,1,0,RIGHT
17/08/2022 01:50:25,1,1,FORWARD
17/08/2022 01:50:25,1,1,FORWARD
17/08/2022 01:50:25,1,1,FORWARD
17/08/2022 01:50:25,1,1,FORWARD
17/08/2022 01:50:25,1,1,FORWARD
17/08/2022 01:50:25,1,1,FORWARD
17/08/2022 01:50:25,1,1,FORWARD
17/08/2022 01:50:25,1,1,FORWARD
17/08/2022 01:50:25,1,0,RIGHT
17/08/2022 01:50:25,1,1,FORWARD
17/08/2022 01:50:25,1,1,FORWARD
17/08/2022 01:50:25,1,1,FORWARD
17/08/2022 01:50:26,1,1,FORWARD
17/08/2022 01:50:26,1,1,FORWARD
17/08/2022 01:50:26,1,1,FORWARD
17/08/2022 01:50:26,1,1,FORWARD
17/08/2022 01:50:26,1,1,FORWARD
17/08/2022 01:50:26,1,0,RIGHT
17/08/2022 01:50:26,1,1,FORWARD
17/08/2022 01:50:26,1,1,FORWARD
17/08/2022 01:50:26,1,1,FORWARD
17/08/2022 01:50:26,1,1,FORWARD
17/08/2022 01:50:26,1,1,FORWARD
17/08/2022 01:50:26,1,1,FORWARD
17/08/2022 01:50:26,1,1,FORWARD
17/08/2022 01:50:26,1,1,FORWARD
17/08/2022 01:50:26,0,1,LEFT
17/08/2022 01:50:26,1,1,FORWARD
17/08/2022 01:50:27,1,1,FORWARD
17/08/2022 01:50:27,1,1,FORWARD
17/08/2022 01:50:27,1,1,FORWARD
17/08/2022 01:50:27,1,1,FORWARD
17/08/2022 01:50:27,1,1,FORWARD
17/08/2022 01:50:27,1,1,FORWARD
17/08/2022 01:50:27,1,1,FORWARD
17/08/2022 01:50:27,1,1,FORWARD
17/08/2022 01:50:27,0,1,LEFT
17/08/2022 01:50:27,1,1,FORWARD
17/08/2022 01:50:27,1,1,FORWARD
17/08/2022 01:50:27,1,1,FORWARD
17/08/2022 01:50:27,1,1,FORWARD
17/08/2022 01:50:27,1,1,FORWARD
17/08/2022 01:50:27,1,1,FORWARD
17/08/2022 01:50:27,1,1,FORWARD
17/08/2022 01:50:27,1,1,FORWARD
17/08/2022 01:50:27,0,1,LEFT
17/08/2022 01:50:28,1,1,FORWARD
17/08/2022 01:50:28,1,1,FORWARD
17/08/2022 01:50:28,1,1,FORWARD
17/08/2022 01:50:28,1,1,FORWARD
17/08/2022 01:50:28,1,1,FORWARD
17/08/2022 01:50:28,1,1,FORWARD
17/08/2022 01:50:28,1,1,FORWARD
17/08/2022 01:50:28,1,1,FORWARD
17/08/2022 01:50:28,1,1,FORWARD
17/08/2022 01:50:28,1,1,FORWARD
17/08/2022 01:50:28,1,1,FORWARD
17/08/2022 01:50:28,1,1,FORWARD
17/08/2022 01:50:28,1,1,FORWARD
17/08/2022 01:50:28,0,1,LEFT
17/08/2022 01:50:28,1,1,FORWARD
17/08/2022 01:50:28,1,1,FORWARD
17/08/2022 01:50:29,1,1,FORWARD
17/08/2022 01:50:29,1,1,FORWARD
17/08/2022 01:50:29,1,1,FORWARD
17/08/2022 01:50:29,1,1,FORWARD
17/08/2022 01:50:29,1,1,FORWARD
17/08/2022 01:50:29,1,1,FORWARD
17/08/2022 01:50:29,1,1,FORWARD
17/08/2022 01:50:29,0,1,LEFT
17/08/2022 01:50:29,1,1,FORWARD
17/08/2022 01:50:29,1,1,FORWARD
17/08/2022 01:50:29,1,1,FORWARD
17/08/2022 01:50:29,1,1,FORWARD
17/08/2022 01:50:29,1,1,FORWARD
17/08/2022 01:50:29,1,1,FORWARD
17/08/2022 01:50:29,1,1,FORWARD
17/08/2022 01:50:29,1,1,FORWARD
17/08/2022 01:50:29,1,1,FORWARD
17/08/2022 01:50:29,1,0,RIGHT
17/08/2022 01:50:30,1,0,RIGHT
17/08/2022 01:50:30,1,1,FORWARD
17/08/2022 01:50:30,1,1,FORWARD
17/08/2022 01:50:30,0,1,LEFT
17/08/2022 01:50:30,1,1,FORWARD
17/08/2022 01:50:30,1,1,FORWARD
17/08/2022 01:50:30,1,1,FORWARD
17/08/2022 01:50:30,1,1,FORWARD
17/08/2022 01:50:30,1,1,FORWARD
17/08/2022 01:50:30,1,1,FORWARD
17/08/2022 01:50:30,1,0,RIGHT
17/08/2022 01:50:30,1,1,FORWARD
17/08/2022 01:50:31,1,1,FORWARD
17/08/2022 01:50:31,1,1,FORWARD
17/08/2022 01:50:31,1,1,FORWARD
17/08/2022 01:50:31,1,0,RIGHT
17/08/2022 01:50:31,1,1,FORWARD
17/08/2022 01:50:31,1,1,FORWARD
17/08/2022 01:50:31,1,1,FORWARD
17/08/2022 01:50:31,1,1,FORWARD
17/08/2022 01:50:31,1,1,FORWARD
17/08/2022 01:50:31,1,0,RIGHT
17/08/2022 01:50:31,1,1,FORWARD
17/08/2022 01:50:31,1,1,FORWARD
17/08/2022 01:50:31,1,1,FORWARD
17/08/2022 01:50:31,1,1,FORWARD
17/08/2022 01:50:31,1,1,FORWARD
17/08/2022 01:50:31,1,1,FORWARD
17/08/2022 01:50:32,1,1,FORWARD
17/08/2022 01:50:32,1,1,FORWARD
17/08/2022 01:50:32,1,1,FORWARD
17/08/2022 01:50:32,1,1,FORWARD
17/08/2022 01:50:32,1,1,FORWARD
17/08/2022 01:50:32,1,1,FORWARD
17/08/2022 01:50:32,1,0,RIGHT
17/08/2022 01:50:32,1,1,FORWARD
17/08/2022 01:50:32,1,1,FORWARD
17/08/2022 01:50:32,1,1,FORWARD
17/08/2022 01:50:32,1,1,FORWARD
17/08/2022 01:50:32,1,1,FORWARD
17/08/2022 01:50:32,1,1,FORWARD
17/08/2022 01:50:32,1,1,FORWARD
17/08/2022 01:50:32,1,1,FORWARD
17/08/2022 01:50:32,1,1,FORWARD
17/08/2022 01:50:32,1,1,FORWARD
17/08/2022 01:50:32,1,1,FORWARD
17/08/2022 01:50:33,1,1,FORWARD
17/08/2022 01:50:33,1,1,FORWARD
17/08/2022 01:50:33,0,1,LEFT
17/08/2022 01:50:33,1,1,FORWARD
17/08/2022 01:50:33,1,1,FORWARD
17/08/2022 01:50:33,1,1,FORWARD
17/08/2022 01:50:33,1,1,FORWARD
17/08/2022 01:50:33,1,1,FORWARD
17/08/2022 01:50:33,1,1,FORWARD
17/08/2022 01:50:33,1,1,FORWARD
17/08/2022 01:50:33,1,1,FORWARD
17/08/2022 01:50:33,1,1,FORWARD
17/08/2022 01:50:33,1,1,FORWARD
17/08/2022 01:50:33,1,1,FORWARD
17/08/2022 01:50:33,1,1,FORWARD
17/08/2022 01:50:33,1,1,FORWARD
17/08/2022 01:50:33,1,1,FORWARD
17/08/2022 01:50:33,1,1,FORWARD
17/08/2022 01:50:34,1,1,FORWARD
17/08/2022 01:50:34,1,1,FORWARD
17/08/2022 01:50:34,1,1,FORWARD
17/08/2022 01:50:34,1,1,FORWARD
17/08/2022 01:50:34,1,1,FORWARD
17/08/2022 01:50:34,1,1,FORWARD
17/08/2022 01:50:34,1,1,FORWARD
17/08/2022 01:50:34,1,0,RIGHT
17/08/2022 01:50:34,1,1,FORWARD
17/08/2022 01:50:34,1,1,FORWARD
17/08/2022 01:50:34,1,1,FORWARD
17/08/2022 01:50:34,1,1,FORWARD
17/08/2022 01:50:34,1,1,FORWARD
17/08/2022 01:50:34,1,1,FORWARD
17/08/2022 01:50:34,1,1,FORWARD
17/08/2022 01:50:34,0,1,LEFT
17/08/2022 01:50:35,1,1,FORWARD
17/08/2022 01:50:35,1,1,FORWARD
17/08/2022 01:50:35,1,1,FORWARD
17/08/2022 01:50:35,1,1,FORWARD
17/08/2022 01:50:35,1,1,FORWARD
17/08/2022 01:50:35,1,1,FORWARD
17/08/2022 01:50:35,1,1,FORWARD
17/08/2022 01:50:35,1,1,FORWARD
17/08/2022 01:50:35,1,1,FORWARD
17/08/2022 01:50:35,1,1,FORWARD
17/08/2022 01:50:35,1,1,FORWARD
17/08/2022 01:50:35,1,1,FORWARD
17/08/2022 01:50:35,1,1,FORWARD
17/08/2022 01:50:35,1,1,FORWARD
17/08/2022 01:50:35,1,1,FORWARD
17/08/2022 01:50:35,1,0,RIGHT
17/08/2022 01:50:35,1,1,FORWARD
17/08/2022 01:50:36,1,1,FORWARD
17/08/2022 01:50:36,1,1,FORWARD
17/08/2022 01:50:36,1,1,FORWARD
17/08/2022 01:50:36,1,1,FORWARD
17/08/2022 01:50:36,1,1,FORWARD
17/08/2022 01:50:36,1,1,FORWARD
17/08/2022 01:50:36,1,1,FORWARD
17/08/2022 01:50:36,1,1,FORWARD
17/08/2022 01:50:36,1,1,FORWARD
17/08/2022 01:50:36,1,1,FORWARD
17/08/2022 01:50:36,1,1,FORWARD
17/08/2022 01:50:36,1,0,RIGHT
17/08/2022 01:50:36,1,1,FORWARD
17/08/2022 01:50:36,1,1,FORWARD
17/08/2022 01:50:36,1,1,FORWARD
17/08/2022 01:50:36,1,1,FORWARD
17/08/2022 01:50:36,1,1,FORWARD
17/08/2022 01:50:36,1,1,FORWARD
17/08/2022 01:50:37,1,0,RIGHT
17/08/2022 01:50:37,1,1,FORWARD
17/08/2022 01:50:37,1,1,FORWARD
17/08/2022 01:50:37,1,1,FORWARD
17/08/2022 01:50:37,1,1,FORWARD
17/08/2022 01:50:37,1,1,FORWARD
17/08/2022 01:50:37,1,1,FORWARD
17/08/2022 01:50:37,1,1,FORWARD
17/08/2022 01:50:37,1,1,FORWARD
17/08/2022 01:50:37,1,0,RIGHT
17/08/2022 01:50:37,1,1,FORWARD
17/08/2022 01:50:37,1,1,FORWARD
17/08/2022 01:50:37,1,1,FORWARD
17/08/2022 01:50:37,1,1,FORWARD
17/08/2022 01:50:37,1,1,FORWARD
17/08/2022 01:50:37,1,1,FORWARD
17/08/2022 01:50:38,1,1,FORWARD
17/08/2022 01:50:38,1,1,FORWARD
17/08/2022 01:50:38,1,1,FORWARD
17/08/2022 01:50:38,1,1,FORWARD
17/08/2022 01:50:38,1,0,RIGHT
17/08/2022 01:50:38,1,1,FORWARD
17/08/2022 01:50:38,1,1,FORWARD
17/08/2022 01:50:38,1,1,FORWARD
17/08/2022 01:50:38,1,1,FORWARD
17/08/2022 01:50:38,1,1,FORWARD
17/08/2022 01:50:38,1,1,FORWARD
17/08/2022 01:50:38,1,1,FORWARD
17/08/2022 01:50:38,1,1,FORWARD
17/08/2022 01:50:38,1,1,FORWARD
17/08/2022 01:50:38,1,1,FORWARD
17/08/2022 01:50:38,1,1,FORWARD
17/08/2022 01:50:38,1,1,FORWARD
17/08/2022 01:50:38,1,1,FORWARD
17/08/2022 01:50:39,1,0,RIGHT
17/08/2022 01:50:39,1,1,FORWARD
17/08/2022 01:50:39,1,1,FORWARD
17/08/2022 01:50:39,1,1,FORWARD
17/08/2022 01:50:39,1,1,FORWARD
17/08/2022 01:50:39,1,1,FORWARD
17/08/2022 01:50:39,0,1,LEFT
17/08/2022 01:50:39,1,1,FORWARD
17/08/2022 01:50:39,1,1,FORWARD
17/08/2022 01:50:39,1,1,FORWARD
17/08/2022 01:50:39,1,1,FORWARD
17/08/2022 01:50:39,1,1,FORWARD
17/08/2022 01:50:39,1,1,FORWARD
17/08/2022 01:50:39,1,1,FORWARD
17/08/2022 01:50:39,1,1,FORWARD
17/08/2022 01:50:39,1,1,FORWARD
17/08/2022 01:50:40,1,1,FORWARD
17/08/2022 01:50:40,1,1,FORWARD
17/08/2022 01:50:40,1,1,FORWARD
17/08/2022 01:50:40,1,1,FORWARD
17/08/2022 01:50:40,1,1,FORWARD
17/08/2022 01:50:40,1,0,RIGHT
17/08/2022 01:50:40,1,1,FORWARD
17/08/2022 01:50:40,1,1,FORWARD
17/08/2022 01:50:40,1,1,FORWARD
17/08/2022 01:50:40,1,1,FORWARD
17/08/2022 01:50:40,1,1,FORWARD
17/08/2022 01:50:40,1,1,FORWARD
17/08/2022 01:50:40,1,1,FORWARD
17/08/2022 01:50:40,1,1,FORWARD
17/08/2022 01:50:40,1,1,FORWARD
17/08/2022 01:50:40,1,1,FORWARD
17/08/2022 01:50:40,1,1,FORWARD
17/08/2022 01:50:40,1,1,FORWARD
17/08/2022 01:50:41,1,1,FORWARD
17/08/2022 01:50:41,1,0,RIGHT
17/08/2022 01:50:41,1,0,RIGHT
17/08/2022 01:50:41,1,1,FORWARD
17/08/2022 01:50:41,1,1,FORWARD
17/08/2022 01:50:41,1,1,FORWARD
17/08/2022 01:50:41,1,1,FORWARD
17/08/2022 01:50:41,1,1,FORWARD
17/08/2022 01:50:41,1,1,FORWARD
17/08/2022 01:50:41,1,1,FORWARD
17/08/2022 01:50:41,1,1,FORWARD
17/08/2022 01:50:41,1,1,FORWARD
17/08/2022 01:50:41,1,1,FORWARD
17/08/2022 01:50:41,1,1,FORWARD
17/08/2022 01:50:41,1,1,FORWARD
17/08/2022 01:50:41,1,1,FORWARD
17/08/2022 01:50:42,1,1,FORWARD
17/08/2022 01:50:42,1,1,FORWARD
17/08/2022 01:50:42,1,0,RIGHT
17/08/2022 01:50:42,1,0,RIGHT
17/08/2022 01:50:42,1,1,FORWARD
17/08/2022 01:50:42,1,1,FORWARD
17/08/2022 01:50:42,0,1,LEFT
17/08/2022 01:50:42,1,1,FORWARD
17/08/2022 01:50:42,1,1,FORWARD
17/08/2022 01:50:42,1,1,FORWARD
17/08/2022 01:50:42,1,1,FORWARD
17/08/2022 01:50:42,1,1,FORWARD
17/08/2022 01:50:42,1,1,FORWARD
17/08/2022 01:50:42,1,1,FORWARD
17/08/2022 01:50:43,1,1,FORWARD
17/08/2022 01:50:43,1,1,FORWARD
17/08/2022 01:50:43,1,1,FORWARD
17/08/2022 01:50:43,1,1,FORWARD
17/08/2022 01:50:43,1,1,FORWARD
17/08/2022 01:50:43,1,1,FORWARD
17/08/2022 01:50:43,1,1,FORWARD
17/08/2022 01:50:43,1,1,FORWARD
17/08/2022 01:50:43,1,1,FORWARD
17/08/2022 01:50:43,1,1,FORWARD
17/08/2022 01:50:43,1,1,FORWARD
17/08/2022 01:50:43,1,1,FORWARD
17/08/2022 01:50:43,1,1,FORWARD
17/08/2022 01:50:43,1,1,FORWARD
17/08/2022 01:50:43,1,1,FORWARD
17/08/2022 01:50:43,1,1,FORWARD
17/08/2022 01:50:43,1,1,FORWARD
17/08/2022 01:50:43,1,1,FORWARD
17/08/2022 01:50:43,1,1,FORWARD
17/08/2022 01:50:44,1,1,FORWARD
17/08/2022 01:50:44,1,1,FORWARD
17/08/2022 01:50:44,1,1,FORWARD
17/08/2022 01:50:44,0,1,LEFT
17/08/2022 01:50:44,1,1,FORWARD
17/08/2022 01:50:44,1,1,FORWARD
17/08/2022 01:50:44,1,1,FORWARD
17/08/2022 01:50:44,1,1,FORWARD
17/08/2022 01:50:44,1,1,FORWARD
17/08/2022 01:50:44,1,1,FORWARD
17/08/2022 01:50:44,1,1,FORWARD
17/08/2022 01:50:44,1,1,FORWARD
17/08/2022 01:50:44,1,1,FORWARD
17/08/2022 01:50:44,1,1,FORWARD
17/08/2022 01:50:44,1,1,FORWARD
17/08/2022 01:50:44,1,1,FORWARD
17/08/2022 01:50:44,1,1,FORWARD
17/08/2022 01:50:44,1,1,FORWARD
17/08/2022 01:50:45,1,1,FORWARD
17/08/2022 01:50:45,1,1,FORWARD
17/08/2022 01:50:45,1,1,FORWARD
17/08/2022 01:50:45,1,1,FORWARD
17/08/2022 01:50:45,1,1,FORWARD
17/08/2022 01:50:45,1,1,FORWARD
17/08/2022 01:50:45,1,1,FORWARD
17/08/2022 01:50:45,1,1,FORWARD
17/08/2022 01:50:45,0,1,LEFT
17/08/2022 01:50:45,1,1,FORWARD
17/08/2022 01:50:45,1,1,FORWARD
17/08/2022 01:50:45,1,1,FORWARD
17/08/2022 01:50:45,1,1,FORWARD
17/08/2022 01:50:45,1,1,FORWARD
17/08/2022 01:50:45,1,1,FORWARD
17/08/2022 01:50:45,1,0,RIGHT
17/08/2022 01:50:46,1,0,RIGHT
17/08/2022 01:50:46,1,1,FORWARD
17/08/2022 01:50:46,0,1,LEFT
17/08/2022 01:50:46,1,1,FORWARD
17/08/2022 01:50:46,1,1,FORWARD
17/08/2022 01:50:46,1,1,FORWARD
17/08/2022 01:50:46,1,1,FORWARD
17/08/2022 01:50:46,1,1,FORWARD
17/08/2022 01:50:46,1,1,FORWARD
17/08/2022 01:50:46,1,1,FORWARD
17/08/2022 01:50:46,1,1,FORWARD
17/08/2022 01:50:46,1,1,FORWARD
17/08/2022 01:50:46,1,1,FORWARD
17/08/2022 01:50:46,1,1,FORWARD
17/08/2022 01:50:46,1,1,FORWARD
17/08/2022 01:50:46,1,1,FORWARD
17/08/2022 01:50:47,1,1,FORWARD
17/08/2022 01:50:47,1,1,FORWARD
17/08/2022 01:50:47,1,1,FORWARD
17/08/2022 01:50:47,1,1,FORWARD
17/08/2022 01:50:47,1,0,RIGHT
17/08/2022 01:50:47,1,1,FORWARD
17/08/2022 01:50:47,1,1,FORWARD
17/08/2022 01:50:47,1,1,FORWARD
17/08/2022 01:50:47,1,1,FORWARD
17/08/2022 01:50:47,1,1,FORWARD
17/08/2022 01:50:47,1,1,FORWARD
17/08/2022 01:50:47,1,1,FORWARD
17/08/2022 01:50:47,1,1,FORWARD
17/08/2022 01:50:47,1,1,FORWARD
17/08/2022 01:50:47,1,1,FORWARD
17/08/2022 01:50:47,0,1,LEFT
17/08/2022 01:50:48,1,1,FORWARD
17/08/2022 01:50:48,1,1,FORWARD
17/08/2022 01:50:48,1,1,FORWARD
17/08/2022 01:50:48,1,1,FORWARD
17/08/2022 01:50:48,1,1,FORWARD
17/08/2022 01:50:48,1,1,FORWARD
17/08/2022 01:50:48,1,1,FORWARD
17/08/2022 01:50:48,1,1,FORWARD
17/08/2022 01:50:48,1,1,FORWARD
17/08/2022 01:50:48,1,1,FORWARD
17/08/2022 01:50:48,1,1,FORWARD
17/08/2022 01:50:48,1,1,FORWARD
17/08/2022 01:50:48,1,1,FORWARD
17/08/2022 01:50:48,1,1,FORWARD
17/08/2022 01:50:48,1,1,FORWARD
17/08/2022 01:50:48,1,0,RIGHT
17/08/2022 01:50:48,1,1,FORWARD
17/08/2022 01:50:48,1,1,FORWARD
17/08/2022 01:50:49,1,1,FORWARD
17/08/2022 01:50:49,1,1,FORWARD
17/08/2022 01:50:49,1,1,FORWARD
17/08/2022 01:50:49,1,1,FORWARD
17/08/2022 01:50:49,1,1,FORWARD
17/08/2022 01:50:49,0,1,LEFT
17/08/2022 01:50:49,1,1,FORWARD
17/08/2022 01:50:49,1,1,FORWARD
17/08/2022 01:50:49,1,1,FORWARD
17/08/2022 01:50:49,1,1,FORWARD
17/08/2022 01:50:49,1,1,FORWARD
17/08/2022 01:50:49,1,1,FORWARD
17/08/2022 01:50:49,1,1,FORWARD
17/08/2022 01:50:49,1,1,FORWARD
17/08/2022 01:50:49,1,1,FORWARD
17/08/2022 01:50:49,1,1,FORWARD
17/08/2022 01:50:49,1,0,RIGHT
17/08/2022 01:50:50,1,1,FORWARD
17/08/2022 01:50:50,1,1,FORWARD
17/08/2022 01:50:50,1,1,FORWARD
17/08/2022 01:50:50,1,1,FORWARD
17/08/2022 01:50:50,1,1,FORWARD
17/08/2022 01:50:50,1,1,FORWARD
17/08/2022 01:50:50,1,1,FORWARD
17/08/2022 01:50:50,1,0,RIGHT
17/08/2022 01:50:50,1,1,FORWARD
17/08/2022 01:50:50,1,1,FORWARD
17/08/2022 01:50:50,1,1,FORWARD
17/08/2022 01:50:50,1,1,FORWARD
17/08/2022 01:50:50,1,1,FORWARD
17/08/2022 01:50:50,1,1,FORWARD
17/08/2022 01:50:50,1,1,FORWARD
17/08/2022 01:50:50,1,0,RIGHT
17/08/2022 01:50:51,1,1,FORWARD
17/08/2022 01:50:51,1,1,FORWARD
17/08/2022 01:50:51,1,1,FORWARD
17/08/2022 01:50:51,1,1,FORWARD
17/08/2022 01:50:51,1,1,FORWARD
17/08/2022 01:50:51,1,1,FORWARD
17/08/2022 01:50:51,1,1,FORWARD
17/08/2022 01:50:51,1,0,RIGHT
17/08/2022 01:50:51,1,1,FORWARD
17/08/2022 01:50:51,1,1,FORWARD
17/08/2022 01:50:51,1,1,FORWARD
17/08/2022 01:50:51,1,1,FORWARD
17/08/2022 01:50:51,1,1,FORWARD
17/08/2022 01:50:51,1,1,FORWARD
17/08/2022 01:50:51,1,1,FORWARD
17/08/2022 01:50:51,1,1,FORWARD
17/08/2022 01:50:51,1,1,FORWARD
17/08/2022 01:50:52,1,0,RIGHT
17/08/2022 01:50:52,1,0,RIGHT
17/08/2022 01:50:52,1,1,FORWARD
17/08/2022 01:50:52,0,1,LEFT
17/08/2022 01:50:52,1,1,FORWARD
17/08/2022 01:50:52,1,1,FORWARD
17/08/2022 01:50:52,1,1,FORWARD
17/08/2022 01:50:52,1,1,FORWARD
17/08/2022 01:50:52,1,1,FORWARD
17/08/2022 01:50:52,1,1,FORWARD
17/08/2022 01:50:52,1,1,FORWARD
17/08/2022 01:50:52,1,1,FORWARD
17/08/2022 01:50:52,1,1,FORWARD
17/08/2022 01:50:52,1,1,FORWARD
17/08/2022 01:50:53,1,1,FORWARD
17/08/2022 01:50:53,1,1,FORWARD
17/08/2022 01:50:53,1,0,RIGHT
17/08/2022 01:50:53,1,1,FORWARD
17/08/2022 01:50:53,1,1,FORWARD
17/08/2022 01:50:53,1,1,FORWARD
17/08/2022 01:50:53,1,1,FORWARD
17/08/2022 01:50:53,1,1,FORWARD
17/08/2022 01:50:53,1,1,FORWARD
17/08/2022 01:50:53,1,1,FORWARD
17/08/2022 01:50:53,1,1,FORWARD
17/08/2022 01:50:53,1,1,FORWARD
17/08/2022 01:50:54,1,0,RIGHT
17/08/2022 01:50:54,1,0,RIGHT
17/08/2022 01:50:54,0,0,STOP
17/08/2022 01:50:54,0,0,STOP
17/08/2022 01:50:54,0,0,STOP
17/08/2022 01:50:54,0,0,STOP
17/08/2022 01:50:54,0,0,STOP
17/08/2022 01:50:54,0,0,STOP
17/08/2022 01:50:54,0,0,STOP
17/08/2022 01:50:54,0,0,STOP
17/08/2022 01:50:54,0,0,STOP
